fecha,real_log,real_nivel,ingenuo,xgb_expansiva,xgb_deslizante,rf_referencia,regimen
2023-01-01,6.214327385692727,499.8596633333334,6.259755406870986,6.180396556854248,6.211159706115723,6.328932897692115,medio
2023-01-02,6.236192196779618,510.9093599999998,6.214327385692727,6.192555904388428,6.186036109924316,6.187501657535465,medio
2023-01-03,6.274938107432771,531.0935100000002,6.236192196779618,6.225520133972168,6.180753231048584,6.189859873466331,medio
2023-01-04,6.322004639971895,556.6878333333333,6.274938107432771,6.197550296783447,6.247887134552002,6.322800953949418,medio
2023-01-05,6.329673405880049,560.9733533333335,6.322004639971895,6.26123571395874,6.215587615966797,6.342481047513913,medio
2023-01-06,6.266683580654389,526.7276283333335,6.329673405880049,6.294834613800049,6.2243428230285645,6.349210660258958,medio
2023-01-07,6.2210993644939325,503.2561899999999,6.266683580654389,6.116270065307617,6.099836826324463,6.286198673974298,medio
2023-01-08,6.030399414122686,415.881105,6.2210993644939325,6.03871488571167,5.9094929695129395,6.159642608623247,medio
2023-01-09,6.070014988059017,432.68716666666666,6.030399414122686,5.916306972503662,5.899063587188721,5.965575669053861,medio
2023-01-10,5.9455377919672125,382.0447666666666,6.070014988059017,6.034731388092041,5.9726972579956055,6.0580577474756945,medio
2023-01-11,6.084404389578046,438.9582866666669,5.9455377919672125,5.841886520385742,5.859048366546631,5.903084039679561,medio
2023-01-12,5.743182963315564,312.0560949999999,6.084404389578046,5.944275856018066,5.896233081817627,6.056576422684774,medio
2023-01-13,5.547580946981099,256.6160366666666,5.743182963315564,5.637814521789551,5.669594764709473,5.608925749014943,bajo
2023-01-14,5.521836167447313,250.09383,5.547580946981099,5.409854888916016,5.439867973327637,5.433383556854538,bajo
2023-01-15,5.361790570436638,213.10618666666662,5.521836167447313,5.37260627746582,5.392087936401367,5.4589460700220265,bajo
2023-01-16,5.322370473885498,204.8689433333333,5.361790570436638,5.404918193817139,5.430334091186523,5.386664935925046,bajo
2023-01-17,5.376245062236653,216.20889833333334,5.322370473885498,5.3966264724731445,5.4575724601745605,5.319848694394918,bajo
2023-01-18,5.523833540964683,250.59386000000015,5.376245062236653,5.401149272918701,5.422523498535156,5.350588927330662,bajo
2023-01-19,5.463124584665252,235.83315500000012,5.523833540964683,5.4849772453308105,5.505092620849609,5.4839678036375545,bajo
2023-01-20,5.495080466840303,243.49111833333328,5.463124584665252,5.438596725463867,5.437289714813232,5.407642719876941,bajo
2023-01-21,5.313361533445036,203.03157999999993,5.495080466840303,5.490576267242432,5.508620262145996,5.493626014627944,bajo
2023-01-22,5.273025771895388,195.00511166666664,5.313361533445036,5.278640270233154,5.3085808753967285,5.283355698458497,bajo
2023-01-23,5.4970991518694365,243.9831466666667,5.273025771895388,5.388205528259277,5.402709007263184,5.329961587283425,bajo
2023-01-24,5.525441909854494,250.99723166666658,5.4970991518694365,5.540594577789307,5.586336612701416,5.498590074143257,bajo
2023-01-25,5.627545157568633,277.97888499999993,5.525441909854494,5.567203044891357,5.594325065612793,5.513796657180729,medio
2023-01-26,5.855080742602878,349.0030783333334,5.627545157568633,5.688533782958984,5.654669284820557,5.6286778652930565,medio
2023-01-27,5.92975763983187,376.06336000000005,5.855080742602878,5.9288249015808105,5.910579204559326,5.897643734054924,medio
2023-01-28,5.982570848488973,396.45829333333353,5.92975763983187,5.960178375244141,6.031820774078369,5.914917584417034,medio
2023-01-29,6.115773649002133,452.94633333333354,5.982570848488973,5.941998481750488,6.031957626342773,5.959467407951265,medio
2023-01-30,6.343691089898387,568.8922733333333,6.115773649002133,6.2256293296813965,6.258007526397705,6.122760738708074,alto
2023-01-31,6.514882271554641,675.1144766666665,6.343691089898387,6.535664081573486,6.497390270233154,6.342860861793868,alto
2023-02-01,6.645032042758661,768.954686666667,6.514882271554641,6.671461582183838,6.4881792068481445,6.47289368396367,alto
2023-02-02,6.581972018830088,721.9616483333333,6.645032042758661,6.753381252288818,6.481252670288086,6.6766286102527115,alto
2023-02-03,6.6778847983611325,794.6365166666669,6.581972018830088,6.5962090492248535,6.444530010223389,6.581229675965339,alto
2023-02-04,6.68458136887377,799.9757133333333,6.6778847983611325,6.693902969360352,6.456085205078125,6.693841333518829,alto
2023-02-05,6.609291139502755,741.9568883333332,6.68458136887377,6.589532852172852,6.3845438957214355,6.669319385165393,alto
2023-02-06,6.341284413600499,567.5247800000001,6.609291139502755,6.6463117599487305,6.392913818359375,6.5964058649058055,alto
2023-02-07,6.525632799475137,682.4114666666669,6.341284413600499,6.37333345413208,6.4024529457092285,6.308451334360485,alto
2023-02-08,6.431927677955073,621.3705966666665,6.525632799475137,6.407789707183838,6.322046279907227,6.4656551492840295,alto
2023-02-09,6.338003650696057,565.6659166666665,6.431927677955073,6.361337661743164,6.305060386657715,6.393270721904116,alto
2023-02-10,6.322486299049716,556.9560316666667,6.338003650696057,6.294782638549805,6.308463096618652,6.307379869956753,medio
2023-02-11,6.408702224673604,607.105283333333,6.322486299049716,6.2795610427856445,6.2684431076049805,6.31139365192649,alto
2023-02-12,6.353165216737518,574.3076433333335,6.408702224673604,6.312548637390137,6.333919525146484,6.386543476330847,alto
2023-02-13,6.350606631817221,572.840106666667,6.353165216737518,6.366854667663574,6.4026618003845215,6.34445953589262,alto
2023-02-14,6.33316664958497,562.9363966666666,6.350606631817221,6.271331310272217,6.273613452911377,6.280732203182238,alto
2023-02-15,6.3060235581866975,547.8620699999999,6.33316664958497,6.3114728927612305,6.282533168792725,6.314692179987982,medio
2023-02-16,6.239230097137349,512.4638116666669,6.3060235581866975,6.322866916656494,6.225764274597168,6.314581674666217,medio
2023-02-17,6.207048251318017,496.23432833333345,6.239230097137349,6.2332844734191895,6.174266338348389,6.191220842362779,medio
2023-02-18,6.061459988076376,429.0013166666666,6.207048251318017,6.098015785217285,6.068908214569092,6.182759601921686,medio
2023-02-19,6.037790009727755,418.9660999999999,6.061459988076376,5.929912090301514,5.885719299316406,6.0112136162482255,medio
2023-02-20,6.023569340997382,413.05028500000003,6.037790009727755,6.052334308624268,6.014505863189697,5.993153215134165,medio
2023-02-21,6.049225598307037,423.78472333333343,6.023569340997382,5.94061279296875,5.909425258636475,5.982164948191568,medio
2023-02-22,5.862441680550494,351.58154666666655,6.049225598307037,5.993256568908691,5.9376983642578125,5.9871094868777,medio
2023-02-23,5.9215915205410194,373.00488666666683,5.862441680550494,5.803378105163574,5.7947211265563965,5.884456287090364,medio
2023-02-24,5.815364039398414,335.41347999999994,5.9215915205410194,5.872481822967529,5.868860721588135,5.910458846645658,medio
2023-02-25,5.700477173718051,299.01004666666677,5.815364039398414,5.751736164093018,5.695462226867676,5.790253838430818,medio
2023-02-26,5.753982311436822,315.4443600000002,5.700477173718051,5.668713092803955,5.643143177032471,5.6879221760853715,medio
2023-02-27,5.76642101488931,319.3925833333332,5.753982311436822,5.8430280685424805,5.815068244934082,5.849899993399505,medio
2023-02-28,5.922633104554965,373.3936049999999,5.76642101488931,5.793652534484863,5.759410858154297,5.780120091915267,medio
2023-03-01,5.925163611607968,374.3396766666667,5.922633104554965,5.948295593261719,5.962275505065918,5.926528372261691,medio
2023-03-02,6.022115099451762,412.45004666666676,5.925163611607968,5.923222541809082,5.990473747253418,5.923141816106127,medio
2023-03-03,6.076523261252907,435.5123966666668,6.022115099451762,5.992956638336182,6.098138332366943,6.001544704061236,medio
2023-03-04,6.109201077979331,449.97907333333336,6.076523261252907,6.0237650871276855,6.138775825500488,6.045866902278906,medio
2023-03-05,6.1394422777131625,463.7948300000001,6.109201077979331,6.067026615142822,6.156039237976074,6.110821722829979,medio
2023-03-06,6.218349968884713,501.87444000000005,6.1394422777131625,6.09811544418335,6.129635334014893,6.152322057192699,medio
2023-03-07,6.1898471814991325,487.77155999999985,6.218349968884713,6.102242469787598,6.121429443359375,6.205200810979087,medio
2023-03-08,6.154095248275738,470.6408366666667,6.1898471814991325,6.128658294677734,6.10327672958374,6.122066617803307,medio
2023-03-09,6.066994437321184,431.382185,6.154095248275738,6.055257320404053,6.093552112579346,6.079390148794569,medio
2023-03-10,5.767553602464482,319.75452833333327,6.066994437321184,5.88754940032959,5.9275383949279785,5.947044685821267,medio
2023-03-11,5.736312677759404,309.9195283333334,5.767553602464482,5.5799560546875,5.590626239776611,5.622772833701697,medio
2023-03-12,5.682118166841063,293.5706033333334,5.736312677759404,5.473016262054443,5.521854400634766,5.56599120885414,medio
2023-03-13,5.456081495710944,234.17799666666656,5.682118166841063,5.612680435180664,5.536814212799072,5.619665796416243,bajo
2023-03-14,5.250245640490129,190.61308499999998,5.456081495710944,5.334675312042236,5.376240253448486,5.366963174548519,bajo
2023-03-15,5.102088388334892,164.3648066666667,5.250245640490129,5.181835651397705,5.295169830322266,5.283892026385422,bajo
2023-03-16,5.139843929275172,170.68912666666668,5.102088388334892,4.986943244934082,5.061958312988281,5.006082722023301,bajo
2023-03-17,5.390090616967347,219.22325000000004,5.139843929275172,5.127198696136475,5.215409755706787,5.088620952344144,bajo
2023-03-18,5.315725872050444,203.51218333333338,5.390090616967347,5.266270637512207,5.331553936004639,5.337875315264422,bajo
2023-03-19,5.105034554088571,164.84976666666662,5.315725872050444,5.153191089630127,5.200160980224609,5.268136313378861,bajo
2023-03-20,5.457772176004411,234.57425166666664,5.105034554088571,5.125278472900391,5.0934882164001465,5.042145989238429,bajo
2023-03-21,5.674064252596882,291.21570666666656,5.457772176004411,5.389819145202637,5.377038955688477,5.409166181321336,medio
2023-03-22,5.833797260705931,341.6535666666666,5.674064252596882,5.628030300140381,5.53623104095459,5.570900387288101,medio
2023-03-23,5.774038328985188,321.83478666666673,5.833797260705931,5.751666069030762,5.790585994720459,5.7306220609085905,medio
2023-03-24,5.7969820296683405,329.30422833333347,5.774038328985188,5.7471184730529785,5.720691680908203,5.654640803988562,medio
2023-03-25,5.4646651935366215,236.19676166666673,5.7969820296683405,5.675451278686523,5.715215682983398,5.644451837730279,bajo
2023-03-26,5.227044129144803,186.24148333333326,5.4646651935366215,5.270596981048584,5.35614013671875,5.383745770849056,bajo
2023-03-27,5.194973658358699,180.36339166666667,5.227044129144803,5.182808876037598,5.214843273162842,5.15231250059125,bajo
2023-03-28,5.249894693595435,190.54620166666666,5.194973658358699,5.29459285736084,5.331930637359619,5.216625095146028,bajo
2023-03-29,5.050550338795163,156.1083533333333,5.249894693595435,5.255183696746826,5.332141399383545,5.296894429883337,bajo
2023-03-30,5.126647053326371,168.4513616666667,5.050550338795163,5.067488670349121,5.11338996887207,5.0300337713017,bajo
2023-03-31,5.096493387791772,163.4477533333334,5.126647053326371,5.146543979644775,5.190450191497803,5.123676834109535,bajo
2023-04-01,5.0117486518612,150.16709666666677,5.096493387791772,5.024069309234619,5.066651344299316,5.081713934860075,bajo
2023-04-02,5.038675640939328,154.2655766666667,5.0117486518612,4.952239036560059,5.010978698730469,4.985466135723711,bajo
2023-04-03,4.9931009848869845,147.39277833333338,5.038675640939328,5.136940002441406,5.145963668823242,5.090514131859104,bajo
2023-04-04,5.0129992089577,150.3550066666667,4.9931009848869845,5.001120090484619,5.038033962249756,4.993862506408807,bajo
2023-04-05,4.974702439341379,144.70575999999997,5.0129992089577,4.984633445739746,5.01567268371582,4.996847375590509,bajo
2023-04-06,4.946147509449346,140.63213500000006,4.974702439341379,4.946048736572266,5.015289783477783,4.9905960326122765,bajo
2023-04-07,4.898318715103486,134.06418999999997,4.946147509449346,4.961069583892822,5.037648677825928,4.998521990309895,bajo
2023-04-08,4.955391763343944,141.93820166666663,4.898318715103486,4.879886150360107,4.9353413581848145,4.924319791206986,bajo
2023-04-09,4.891630387259224,133.17051666666663,4.955391763343944,4.937432289123535,4.995409965515137,4.995052761739323,bajo
2023-04-10,4.9662102771273515,143.48209833333337,4.891630387259224,4.969690799713135,5.013387203216553,4.971486871129496,bajo
2023-04-11,4.979310740944845,145.3741466666667,4.9662102771273515,4.9703803062438965,5.023468971252441,4.994422775555287,bajo
2023-04-12,5.552070669281314,257.7707616666666,4.979310740944845,4.999455451965332,5.041881561279297,4.99494148748252,bajo
2023-04-13,5.490372976683451,242.34757999999997,5.552070669281314,5.456212043762207,5.434653282165527,5.541880464899745,bajo
2023-04-14,5.5019113985315435,245.1600833333334,5.490372976683451,5.413513660430908,5.423844814300537,5.516908523440776,bajo
2023-04-15,5.368797544779102,214.60466000000005,5.5019113985315435,5.501657009124756,5.515787124633789,5.5326070689974225,bajo
2023-04-16,5.356740240806041,212.03264333333343,5.368797544779102,5.324282646179199,5.377935409545898,5.347800997030542,bajo
2023-04-17,5.687446420512912,295.13899666666674,5.356740240806041,5.526548862457275,5.4496169090271,5.42661601109857,medio
2023-04-18,5.673373369009158,291.01457999999997,5.687446420512912,5.602423191070557,5.596373558044434,5.655792473045451,medio
2023-04-19,5.569765821454665,262.37265000000014,5.673373369009158,5.565102577209473,5.604317665100098,5.63461048604106,bajo
2023-04-20,5.716486996040893,303.83567,5.569765821454665,5.482900619506836,5.475096225738525,5.505820617521647,medio
2023-04-21,5.76744549807413,319.71996333333334,5.716486996040893,5.649782657623291,5.664000511169434,5.7053663138489865,medio
2023-04-22,5.812782220276363,334.5486199999998,5.76744549807413,5.707087516784668,5.689445972442627,5.704284455093462,medio
2023-04-23,5.832703391463146,341.2800466666665,5.812782220276363,5.620632171630859,5.611437797546387,5.613442527143397,medio
2023-04-24,5.838921399508161,343.4087399999999,5.832703391463146,5.780223369598389,5.75564432144165,5.786907028631529,medio
2023-04-25,5.8105255341596935,333.7945,5.838921399508161,5.698856830596924,5.683128356933594,5.781510799214979,medio
2023-04-26,5.779979334991655,323.75250000000005,5.8105255341596935,5.6844611167907715,5.693360805511475,5.694682312865767,medio
2023-04-27,5.518323621691119,249.21690499999997,5.779979334991655,5.652582168579102,5.630281448364258,5.681884373575355,bajo
2023-04-28,5.540570520758757,254.82334,5.518323621691119,5.450069904327393,5.458889961242676,5.447776979375389,bajo
2023-04-29,5.231481497415115,187.06974166666666,5.540570520758757,5.40026330947876,5.369086742401123,5.386835003283529,bajo
2023-04-30,5.3531815385897215,211.2794233333334,5.231481497415115,4.993553638458252,5.001958847045898,5.154581743896365,bajo
2023-05-01,5.242864926119364,189.21140333333332,5.3531815385897215,5.451403617858887,5.469836711883545,5.439105546276528,bajo
2023-05-02,5.4839849441654955,240.8043900000001,5.242864926119364,5.335746765136719,5.335124492645264,5.307283364930642,bajo
2023-05-03,5.545488209989042,256.07956833333327,5.4839849441654955,5.5012969970703125,5.4440083503723145,5.4551398164168585,bajo
2023-05-04,5.549543031630347,257.1200333333333,5.545488209989042,5.550165176391602,5.470893859863281,5.4792497979607235,bajo
2023-05-05,5.773834010745162,321.7690366666665,5.549543031630347,5.575780868530273,5.477059841156006,5.517408316466919,medio
2023-05-06,5.77452530296405,321.9915499999999,5.773834010745162,5.733300685882568,5.669079780578613,5.78449843039763,medio
2023-05-07,5.870877565316216,354.5599933333333,5.77452530296405,5.713099479675293,5.717142581939697,5.729437136429022,medio
2023-05-08,6.002499413402298,404.43838999999986,5.870877565316216,5.926748275756836,5.945562839508057,5.862052407387899,medio
2023-05-09,6.2431327091140325,514.4676666666668,6.002499413402298,6.105336666107178,6.103785991668701,6.06665237707996,medio
2023-05-10,6.367335646077069,582.5037633333333,6.2431327091140325,6.309874057769775,6.304029941558838,6.208706757444794,alto
2023-05-11,6.446114059123197,630.24842,6.367335646077069,6.391926288604736,6.354870796203613,6.327791064785835,alto
2023-05-12,6.460335300517142,639.2753700000003,6.446114059123197,6.477554798126221,6.396265506744385,6.435164998818919,alto
2023-05-13,6.540344121894195,692.5248499999999,6.460335300517142,6.447245121002197,6.349209308624268,6.449990793393776,alto
2023-05-14,6.526866840157813,683.25411,6.540344121894195,6.4477338790893555,6.297924995422363,6.513697550951804,alto
2023-05-15,6.589066330202097,727.1016799999999,6.526866840157813,6.552620887756348,6.35697078704834,6.478622625949462,alto
2023-05-16,6.655043330338684,776.6915766666666,6.589066330202097,6.513911724090576,6.25443696975708,6.552218633825697,alto
2023-05-17,6.698502779956023,811.1903849999999,6.655043330338684,6.532260894775391,6.284343719482422,6.627593640208712,alto
2023-05-18,6.709788775746007,820.3973333333332,6.698502779956023,6.578136444091797,6.231873035430908,6.6335362959531885,alto
2023-05-19,6.726594612094671,834.3013033333335,6.709788775746007,6.582493305206299,6.259931564331055,6.6445825902941955,alto
2023-05-20,6.730315455116616,837.4113899999999,6.726594612094671,6.551920413970947,6.171550273895264,6.673573093778577,alto
2023-05-21,6.66087537365405,781.2345100000002,6.730315455116616,6.532414436340332,6.1456298828125,6.659776744467745,alto
2023-05-22,6.671359575338369,789.4682166666665,6.66087537365405,6.564470291137695,6.26708459854126,6.616029559707232,alto
2023-05-23,6.686135378821754,801.21985,6.671359575338369,6.503085136413574,6.219987869262695,6.6176056061682225,alto
2023-05-24,6.608627336204208,741.4645383333335,6.686135378821754,6.531972408294678,6.167047023773193,6.6034327195400255,alto
2023-05-25,6.640164933645356,765.2211933333334,6.608627336204208,6.5120368003845215,6.190274715423584,6.532239739837379,alto
2023-05-26,6.497193959721102,663.2778349999998,6.640164933645356,6.4775309562683105,6.146817684173584,6.583310534152758,alto
2023-05-27,6.479054649834923,651.3548966666667,6.497193959721102,6.341626167297363,6.002504348754883,6.411915479264433,alto
2023-05-28,6.110763481357445,450.6826716666667,6.479054649834923,6.291301727294922,6.090303897857666,6.421532910966529,medio
2023-05-29,5.926025883185647,374.6625983333334,6.110763481357445,5.994278430938721,5.949583053588867,6.053204894791821,medio
2023-05-30,5.954963075464091,385.66266999999993,5.926025883185647,5.921618938446045,5.924193382263184,5.927233628453947,medio
2023-05-31,5.888233572552272,360.76745166666666,5.954963075464091,5.924031734466553,5.973531246185303,5.941561834897348,medio
2023-06-01,5.741312480522903,311.47294500000015,5.888233572552272,5.890972137451172,5.9732818603515625,5.907972857735337,medio
2023-06-02,5.5341706723251995,253.19771666666668,5.741312480522903,5.688046455383301,5.7033371925354,5.59847395337548,bajo
2023-06-03,5.503415813217935,245.52918333333335,5.5341706723251995,5.44317626953125,5.480614185333252,5.457266366849284,bajo
2023-06-04,5.3412711911030275,208.7779383333333,5.503415813217935,5.438380718231201,5.4585957527160645,5.456203657994818,bajo
2023-06-05,5.598280467507444,269.96179999999987,5.3412711911030275,5.516289710998535,5.484765529632568,5.409195897960732,medio
2023-06-06,5.708382666419588,301.3832366666668,5.598280467507444,5.564713478088379,5.630545139312744,5.516475912184489,medio
2023-06-07,5.844185902057094,345.2213833333333,5.708382666419588,5.7198638916015625,5.739283561706543,5.679081924507699,medio
2023-06-08,5.7957330121265676,328.8931783333334,5.844185902057094,5.847538471221924,5.887455940246582,5.860950607022854,medio
2023-06-09,5.739215189059268,310.82038000000006,5.7957330121265676,5.748172283172607,5.747142791748047,5.707740455965907,medio
2023-06-10,5.677619386446295,292.2528599999999,5.739215189059268,5.6972503662109375,5.7132158279418945,5.690794247379893,medio
2023-06-11,5.640690468292983,281.65712666666667,5.677619386446295,5.613888263702393,5.627524375915527,5.650180161885231,medio
2023-06-12,5.688555147360624,295.46640666666684,5.640690468292983,5.6843791007995605,5.691997528076172,5.662345644599921,medio
2023-06-13,5.792520743043535,327.8383800000001,5.688555147360624,5.695694446563721,5.72801399230957,5.678697209451147,medio
2023-06-14,5.865033572461586,352.49399,5.792520743043535,5.7579827308654785,5.820196628570557,5.728664439190901,medio
2023-06-15,5.893075171860161,362.51837833333343,5.865033572461586,5.866745471954346,5.94649600982666,5.905213713876051,medio
2023-06-16,6.01567803274024,409.803605,5.893075171860161,5.907620906829834,6.010635852813721,5.933963968737766,medio
2023-06-17,6.0896647664191,441.27345666666656,6.01567803274024,5.984424591064453,5.976822853088379,5.9138083444240666,medio
2023-06-18,6.213760085627625,499.57617333333343,6.0896647664191,6.0127105712890625,6.016974449157715,6.019929090296478,medio
2023-06-19,6.34373327625755,568.9162733333333,6.213760085627625,6.214791297912598,6.124712944030762,6.126352599334447,alto
2023-06-20,6.400475843385136,602.1314900000003,6.34373327625755,6.50870943069458,6.473880290985107,6.40993846015304,alto
2023-06-21,6.606476263416868,739.8713083333333,6.400475843385136,6.477720737457275,6.4222917556762695,6.416035548936071,alto
2023-06-22,6.6190610455793495,749.2412633333333,6.606476263416868,6.5965399742126465,6.609456539154053,6.623172496546814,alto
2023-06-23,6.743343040658745,848.3922099999996,6.6190610455793495,6.638705730438232,6.6176581382751465,6.6273820475098,alto
2023-06-24,6.794692056836671,893.0941950000002,6.743343040658745,6.606003284454346,6.526416778564453,6.7336757706292865,alto
2023-06-25,6.597370558368976,733.1648383333333,6.794692056836671,6.632463455200195,6.502636432647705,6.755386924492156,alto
2023-06-26,6.543893835810291,694.9874833333333,6.597370558368976,6.560067653656006,6.503403186798096,6.530414706245799,alto
2023-06-27,6.400549559339252,602.1758783333331,6.543893835810291,6.488007545471191,6.54880428314209,6.491889469522159,alto
2023-06-28,6.426023883540521,617.7129600000003,6.400549559339252,6.415871620178223,6.437284469604492,6.375458862803851,alto
2023-06-29,6.135046712117161,461.7606633333334,6.426023883540521,6.434211254119873,6.402655601501465,6.4138830973469485,medio
2023-06-30,6.24650076408131,516.2033433333335,6.135046712117161,6.120387554168701,6.088401794433594,6.069675940422892,medio
2023-07-01,6.300131758198048,544.643666666667,6.24650076408131,6.235494136810303,6.225998878479004,6.212920833297596,medio
2023-07-02,6.311069391199266,550.6334766666666,6.300131758198048,6.271745204925537,6.26549768447876,6.330397039837467,medio
2023-07-03,6.186630390225779,486.2050216666668,6.311069391199266,6.340341091156006,6.2952775955200195,6.364043684402887,medio
2023-07-04,6.31556161551131,553.11261,6.186630390225779,6.170626163482666,6.21831750869751,6.110352178990455,medio
2023-07-05,6.4095605814801475,607.6266199999997,6.31556161551131,6.309494972229004,6.269062519073486,6.333102464910983,alto
2023-07-06,6.417907501258229,612.7196566666668,6.4095605814801475,6.38270902633667,6.362622261047363,6.360760078289242,alto
2023-07-07,6.331187992816529,561.8236400000001,6.417907501258229,6.3771491050720215,6.357946872711182,6.332229352934438,medio
2023-07-08,6.237070134067564,511.3581033333335,6.331187992816529,6.263117790222168,6.179609298706055,6.29500700403783,medio
2023-07-09,6.094131346718191,443.24884833333334,6.237070134067564,6.077789306640625,6.065465927124023,6.124973216243183,medio
2023-07-10,6.1404115397807,464.24458666666663,6.094131346718191,6.0365824699401855,5.995112419128418,6.048529654177894,medio
2023-07-11,6.255134657305637,520.6794833333332,6.1404115397807,6.085845470428467,6.072080135345459,6.059029824367564,medio
2023-07-12,6.32457451262539,558.1202900000002,6.255134657305637,6.218958854675293,6.230403423309326,6.259635830119635,medio
2023-07-13,6.435111393993365,623.3520166666665,6.32457451262539,6.330802917480469,6.249461650848389,6.337323702135854,alto
2023-07-14,6.503597016579021,667.5384666666665,6.435111393993365,6.341040134429932,6.311894416809082,6.356210301653383,alto
2023-07-15,6.44138534386623,627.2751900000003,6.503597016579021,6.335014343261719,6.298124313354492,6.439137689621267,alto
2023-07-16,6.485906091877399,655.8329400000001,6.44138534386623,6.268518447875977,6.195545196533203,6.3591097790844815,alto
2023-07-17,6.41014959107618,607.9846233333335,6.485906091877399,6.354650020599365,6.376222610473633,6.3961355488854625,alto
2023-07-18,6.332080072370564,562.3250549999999,6.41014959107618,6.2279229164123535,6.198085308074951,6.336558630316988,medio
2023-07-19,6.11422591103967,452.24583333333334,6.332080072370564,6.202723979949951,6.118982315063477,6.286992059325176,medio
2023-07-20,5.874822944144375,355.96162999999984,6.11422591103967,5.935967445373535,5.976991653442383,6.011018592506446,medio
2023-07-21,6.106694875525997,448.85274666666663,5.874822944144375,5.822656154632568,5.804107666015625,5.892588798810275,medio
2023-07-22,5.840983604716695,344.1176500000001,6.106694875525997,6.0313239097595215,5.955464839935303,6.001002140473498,medio
2023-07-23,5.910693612536036,368.96198333333354,5.840983604716695,5.711400508880615,5.690973281860352,5.806340816984904,medio
2023-07-24,6.226683759918384,506.0744333333332,5.910693612536036,5.905562877655029,5.975376129150391,5.93157210255388,medio
2023-07-25,6.217469600417473,501.43280000000004,6.226683759918384,6.102579116821289,6.08306884765625,6.124964729590741,medio
2023-07-26,6.23241261644785,508.9819816666668,6.217469600417473,6.188624858856201,6.143097400665283,6.125286613742267,medio
2023-07-27,6.299177284578855,544.1240666666665,6.23241261644785,6.138874530792236,6.12367057800293,6.13088005922385,medio
2023-07-28,6.185373045134965,485.5940783333335,6.299177284578855,6.321364402770996,6.341238975524902,6.3367151709682386,medio
2023-07-29,6.20968427628103,497.54413999999974,6.185373045134965,6.093916416168213,6.097835540771484,6.079214704835642,medio
2023-07-30,6.222556449753294,503.99001166666676,6.20968427628103,6.17936372756958,6.19650936126709,6.173358164513144,medio
2023-07-31,6.203356998168538,494.40597833333345,6.222556449753294,6.261322975158691,6.245977878570557,6.168779764471478,medio
2023-08-01,6.302883812467435,546.1446199999997,6.203356998168538,6.1909308433532715,6.249269008636475,6.185195476018188,medio
2023-08-02,6.313082956255438,551.7433299999997,6.302883812467435,6.332504749298096,6.30712366104126,6.280374537781631,medio
2023-08-03,6.218572267378226,501.9860183333333,6.313082956255438,6.315471172332764,6.3225321769714355,6.287132934200471,medio
2023-08-04,6.280320268064837,533.9596466666668,6.218572267378226,6.216477394104004,6.245945930480957,6.211995303868397,medio
2023-08-05,6.1404389172157465,464.2572966666667,6.280320268064837,6.26701545715332,6.313634872436523,6.2878968057585745,medio
2023-08-06,6.199824561791112,492.66260166666643,6.1404389172157465,6.100292205810547,6.158134460449219,6.17596740426744,medio
2023-08-07,6.008385493667905,406.8259666666667,6.199824561791112,6.207281589508057,6.269548416137695,6.2196924828796,medio
2023-08-08,6.255600593606383,520.9221433333335,6.008385493667905,6.028156757354736,6.041969299316406,5.9663115184407385,medio
2023-08-09,6.42067072580309,614.4150800000001,6.255600593606383,6.2798171043396,6.302021026611328,6.269634924652672,alto
2023-08-10,6.5112292380971475,672.6527600000002,6.42067072580309,6.3877387046813965,6.321302890777588,6.371731315313543,alto
2023-08-11,6.61186611362129,743.8698699999999,6.5112292380971475,6.524188041687012,6.5693039894104,6.485241778560635,alto
2023-08-12,6.6398926790005595,765.0128866666665,6.61186611362129,6.67484188079834,6.607400417327881,6.6470760185151825,alto
2023-08-13,6.495943961216237,662.4492566666665,6.6398926790005595,6.6050004959106445,6.592887878417969,6.6487736724175805,alto
2023-08-14,6.473928362823954,648.0244083333331,6.495943961216237,6.458457946777344,6.502898693084717,6.470274630037153,alto
2023-08-15,6.611439505384215,743.5525966666663,6.473928362823954,6.460266590118408,6.5182294845581055,6.425477190416502,alto
2023-08-16,6.528846453069879,684.6080283333332,6.611439505384215,6.56415319442749,6.578071117401123,6.610144905590419,alto
2023-08-17,6.544591731895688,695.4726816666666,6.528846453069879,6.478261947631836,6.548999309539795,6.4595972608978505,alto
2023-08-18,6.623925226853693,752.8945866666664,6.544591731895688,6.518069744110107,6.6153178215026855,6.534027879514264,alto
2023-08-19,6.535031740113423,688.8556483333331,6.623925226853693,6.545713901519775,6.512263774871826,6.620641659292621,alto
2023-08-20,6.06091889543145,428.76925,6.535031740113423,6.471011161804199,6.477751731872559,6.461709929572603,medio
2023-08-21,6.057451748869625,427.28521833333326,6.06091889543145,6.130221843719482,6.15983247756958,6.052769639048901,medio
2023-08-22,5.8097712729031805,333.5428266666666,6.057451748869625,6.121148109436035,6.1435160636901855,6.0011985519414495,medio
2023-08-23,5.4834380091880055,240.67272166666672,5.8097712729031805,5.728668689727783,5.706212520599365,5.614982559456932,bajo
2023-08-24,5.294442862006472,199.2265983333333,5.4834380091880055,5.549930095672607,5.558876037597656,5.526983068507454,bajo
2023-08-25,5.306961027247787,201.736225,5.294442862006472,5.367350101470947,5.401699542999268,5.3185001108513505,bajo
2023-08-26,5.499510793544069,244.57225666666668,5.306961027247787,5.383903503417969,5.337759494781494,5.333202743234081,bajo
2023-08-27,5.205723957145391,182.31281166666668,5.499510793544069,5.5334672927856445,5.497513771057129,5.447873806307562,bajo
2023-08-28,5.892617053379064,362.3523400000001,5.205723957145391,5.3665666580200195,5.392406463623047,5.263783759255628,medio
2023-08-29,6.323320690588739,557.420945,5.892617053379064,6.0697479248046875,6.177209854125977,6.010907698827302,medio
2023-08-30,6.622922982060046,752.1403800000003,6.323320690588739,6.496288299560547,6.451406955718994,6.41011606716752,alto
2023-08-31,6.689869601624249,804.2173766666664,6.622922982060046,6.680396556854248,6.626517295837402,6.650408140949813,alto
2023-09-01,6.731637888485189,838.5195433333333,6.689869601624249,6.754690647125244,6.651849746704102,6.724410441153525,alto
2023-09-02,6.795031901639298,893.3977599999998,6.731637888485189,6.7765703201293945,6.654255390167236,6.746153351965697,alto
2023-09-03,6.838745400207705,933.3174599999996,6.795031901639298,6.724215030670166,6.646616458892822,6.780280884476881,alto
2023-09-04,6.872395682116368,965.2582500000002,6.838745400207705,6.9087347984313965,6.740466594696045,6.8048464147223955,alto
2023-09-05,6.887295120159475,979.7477299999995,6.872395682116368,6.724918365478516,6.65501594543457,6.801068277046195,alto
2023-09-06,6.844447008775459,938.6540699999997,6.887295120159475,6.726481914520264,6.663099765777588,6.8192620461903175,alto
2023-09-07,6.910011917523677,1002.2591866666662,6.844447008775459,6.681063175201416,6.6030473709106445,6.801923846907939,alto
2023-09-08,6.92754352708997,1019.9853333333334,6.910011917523677,6.723955154418945,6.660794258117676,6.855179945042021,alto
2023-09-09,6.949161023087445,1042.274916666667,6.92754352708997,7.098518371582031,6.667819499969482,6.965546867008475,alto
2023-09-10,6.947065651577429,1040.0932500000001,6.949161023087445,7.049700736999512,6.603150367736816,6.955769198850297,alto
2023-09-11,6.9621838428550475,1055.9370416666668,6.947065651577429,7.102318286895752,6.590917587280273,6.948235674449292,alto
2023-09-12,6.96193557280684,1055.674916666667,6.9621838428550475,7.001626014709473,6.538367748260498,6.950054771477919,alto
2023-09-13,6.963272685068035,1057.0874166666665,6.96193557280684,7.05830192565918,6.626587390899658,6.956492903016296,alto
2023-09-14,6.964224140320581,1058.0936666666666,6.963272685068035,7.116167068481445,6.609955310821533,6.963225726198977,alto
2023-09-15,6.965434311906079,1059.3749166666666,6.964224140320581,7.10039758682251,6.622357368469238,6.964611275107145,alto
2023-09-16,6.957761046863047,1051.2771599999999,6.965434311906079,7.081325054168701,6.6620774269104,6.963269360833274,alto
2023-09-17,6.865068444297273,958.2114216666665,6.957761046863047,6.999939918518066,6.642941474914551,6.947470066432685,alto
2023-09-18,6.931757860059578,1024.2929616666663,6.865068444297273,6.69152307510376,6.545000076293945,6.792343206823957,alto
2023-09-19,6.934291883057632,1026.8918349999997,6.931757860059578,7.029905319213867,6.6323699951171875,6.9386675171507175,alto
2023-09-20,6.945022322143884,1037.9701666666665,6.934291883057632,7.030303478240967,6.624404430389404,6.946552820565562,alto
2023-09-21,6.966018408787532,1059.993875,6.945022322143884,6.995053291320801,6.594544887542725,6.952274541863997,alto
2023-09-22,6.965886913533584,1059.8545000000004,6.966018408787532,7.003798961639404,6.597208023071289,6.953182990897536,alto
2023-09-23,6.967031432808455,1061.068218333333,6.965886913533584,7.028034210205078,6.705279350280762,6.954083089718022,alto
2023-09-24,6.907348317851355,999.5931216666667,6.967031432808455,7.030280590057373,6.616050720214844,6.952005852906298,alto
2023-09-25,6.947616371984365,1040.6662083333333,6.907348317851355,6.693378448486328,6.624063968658447,6.833939224415359,alto
2023-09-26,6.967322400665886,1061.3769999999997,6.947616371984365,7.078916072845459,6.641730308532715,6.954897281633304,alto
2023-09-27,6.947956961148459,1041.0207083333332,6.967322400665886,7.083982467651367,6.669129848480225,6.959602841899979,alto
2023-09-28,6.951713344487236,1044.9385349999995,6.947956961148459,6.985033988952637,6.978496551513672,6.970385189212508,alto
2023-09-29,6.9380443953855115,1030.7524983333335,6.951713344487236,6.9871721267700195,6.982316493988037,6.975866421760472,alto
2023-09-30,6.919683107093512,1011.9992483333334,6.9380443953855115,6.943836212158203,6.998088836669922,6.968327814658795,alto
2023-10-01,6.94883822185241,1041.9385233333333,6.919683107093512,6.8694167137146,6.904669761657715,6.935067154221453,alto
2023-10-02,6.968365878739479,1062.4851016666669,6.94883822185241,6.980669021606445,6.930203914642334,6.964403037952867,alto
2023-10-03,6.968426669900959,1062.5496933333336,6.968365878739479,6.97957706451416,6.974922180175781,6.971374294744454,alto
2023-10-04,6.963317833263479,1057.1351433333332,6.968426669900959,6.978952884674072,6.965970516204834,6.965377241374864,alto
2023-10-05,6.964765039366301,1058.6661433333336,6.963317833263479,6.975246429443359,6.936321258544922,6.9539834831544844,alto
2023-10-06,6.989630976472172,1085.3208933333337,6.964765039366301,6.960442543029785,6.951709747314453,6.957603548580692,alto
2023-10-07,7.000056341992865,1096.6949466666663,6.989630976472172,6.955322265625,6.945855617523193,6.951271138852412,alto
2023-10-08,6.950712796449237,1043.893546666667,7.000056341992865,6.819097518920898,6.800657749176025,6.9468012602015765,alto
2023-10-09,6.972727687227082,1067.1295800000005,6.950712796449237,6.85940408706665,6.781921863555908,6.943613672795524,alto
2023-10-10,6.970947234532072,1065.231296666667,6.972727687227082,6.915256023406982,6.922145843505859,6.949575700536067,alto
2023-10-11,6.946481097259251,1039.4854366666661,6.970947234532072,6.912032127380371,6.9171342849731445,6.951964411870705,alto
2023-10-12,6.883381165748793,975.9205366666666,6.946481097259251,6.896096706390381,6.910992622375488,6.948605212563522,alto
2023-10-13,6.895215827647378,987.5388400000003,6.883381165748793,6.841821670532227,6.922100067138672,6.877316652712969,alto
2023-10-14,6.958855528404374,1052.4283933333334,6.895215827647378,6.8736572265625,6.9546217918396,6.898665097135305,alto
2023-10-15,6.919848666633285,1012.1668083333334,6.958855528404374,6.874053478240967,6.904159069061279,6.942004073458735,alto
2023-10-16,6.97873319607288,1073.5575183333333,6.919848666633285,6.932882785797119,6.966464519500732,6.932462205134572,alto
2023-10-17,7.015714193376143,1114.0019750000001,6.97873319607288,6.922799587249756,6.9402971267700195,6.956557406162735,alto
2023-10-18,7.070148342559129,1176.3225199999997,7.015714193376143,6.9570536613464355,6.971759796142578,6.953886820946858,alto
2023-10-19,7.154070971783796,1279.303376666666,7.070148342559129,6.964876651763916,6.930373191833496,7.025435164084332,alto
2023-10-20,7.216814897208397,1362.143576666666,7.154070971783796,7.225494384765625,6.938663482666016,7.038928069975462,alto
2023-10-21,7.257695437244871,1418.9826316666658,7.216814897208397,7.242602348327637,6.9450788497924805,7.049508984249348,alto
2023-10-22,7.118453538588517,1234.5397883333337,7.257695437244871,7.201146125793457,6.935978412628174,7.068824917101053,alto
2023-10-23,7.205246534950032,1346.4766016666663,7.118453538588517,7.235502243041992,6.913810729980469,7.030288232477168,alto
2023-10-24,7.296197169719987,1474.6812883333332,7.205246534950032,7.204195022583008,6.933592319488525,7.0315768637694225,alto
2023-10-25,6.868454643968523,961.4616166666669,7.296197169719987,7.14680814743042,6.871584892272949,7.071469731173204,alto
2023-10-26,6.633503111401762,760.1403683333334,6.868454643968523,6.742712020874023,6.801465034484863,6.824746274777665,alto
2023-10-27,6.502425504216003,666.7568949999999,6.633503111401762,6.613669395446777,6.712655067443848,6.588603970491941,alto
2023-10-28,6.201380160411609,493.4295833333335,6.502425504216003,6.3817901611328125,6.3772430419921875,6.529087564942926,medio
2023-10-29,5.896125426884888,363.6258400000001,6.201380160411609,6.119016647338867,6.037160396575928,6.1362101258074935,medio
2023-10-30,6.28410662337821,535.98524,5.896125426884888,6.03920841217041,6.036000728607178,5.955325169988826,medio
2023-10-31,6.231744920713577,508.6422500000001,6.28410662337821,6.241695880889893,6.2128729820251465,6.352245308516861,medio
2023-11-01,6.062449196465556,429.42589833333335,6.231744920713577,6.110814571380615,6.056897163391113,6.217681015473414,medio
2023-11-02,6.0312461245820765,416.233385,6.062449196465556,5.94849157333374,5.932101249694824,5.973933853215199,medio
2023-11-03,5.6692749865645595,289.82433166666664,6.0312461245820765,5.957338333129883,5.9533185958862305,5.956453818581597,medio
2023-11-04,6.138908857281517,463.5474983333333,5.6692749865645595,5.711855411529541,5.764695167541504,5.682441093157306,medio
2023-11-05,5.705070872093436,300.38676833333335,6.138908857281517,6.1190385818481445,6.152838706970215,6.0937348508333775,medio
2023-11-06,6.038730717254893,419.36041,5.705070872093436,5.820781230926514,5.767277240753174,5.7415226893319,medio
2023-11-07,6.30686145635803,548.321315,6.038730717254893,6.049297332763672,6.0789031982421875,6.0278773314944765,medio
2023-11-08,6.157948448414175,472.4578083333334,6.30686145635803,6.32966947555542,6.342130184173584,6.333235531888436,medio
2023-11-09,6.353472252398679,574.4840033333331,6.157948448414175,6.217133045196533,6.209737777709961,6.163576436752644,alto
2023-11-10,6.443923683489295,628.8694499999998,6.353472252398679,6.412292003631592,6.494671821594238,6.411540371608298,alto
2023-11-11,6.410420816634038,608.1495466666667,6.443923683489295,6.463174343109131,6.576577663421631,6.48435368304976,alto
2023-11-12,6.475420698141884,648.9922000000003,6.410420816634038,6.457306861877441,6.516873836517334,6.43194499567547,alto
2023-11-13,6.495028407980782,661.8430266666668,6.475420698141884,6.46235990524292,6.514422416687012,6.445605312011522,alto
2023-11-14,6.716324246617105,825.776575,6.495028407980782,6.516197204589844,6.571773529052734,6.464130964031521,alto
2023-11-15,6.67981294021672,796.1701666666668,6.716324246617105,6.784538269042969,6.8009934425354,6.69743406287462,alto
2023-11-16,6.523891578903431,681.2242716666667,6.67981294021672,6.6413092613220215,6.688024044036865,6.648058706263981,alto
2023-11-17,6.476987162780165,650.0096200000004,6.523891578903431,6.482921600341797,6.542842864990234,6.4887174488282815,alto
2023-11-18,6.066974814157898,431.37372000000005,6.476987162780165,6.4482011795043945,6.539791584014893,6.462516548233378,medio
2023-11-19,5.8876265662500336,360.54853,6.066974814157898,5.976058006286621,6.0379509925842285,6.02974788275023,medio
2023-11-20,5.8295494303766215,340.2053583333333,5.8876265662500336,6.080066204071045,6.072683811187744,5.974091588798013,medio
2023-11-21,5.671675839888577,290.52099333333337,5.8295494303766215,5.908214092254639,5.779741287231445,5.7741411829607845,medio
2023-11-22,5.987566810793479,398.44394000000005,5.671675839888577,5.652393817901611,5.640456199645996,5.689804960992918,medio
2023-11-23,6.040670934168457,420.17485000000005,5.987566810793479,5.955924034118652,6.045331001281738,6.044542852645425,medio
2023-11-24,6.191865665328362,488.7571133333331,6.040670934168457,6.068220138549805,6.10975456237793,6.0574082160191045,medio
2023-11-25,5.92359799198141,373.7540616666666,6.191865665328362,6.2340989112854,6.295153617858887,6.181595894907859,medio
2023-11-26,5.83607061559686,342.43115000000006,5.92359799198141,5.913548946380615,6.056350231170654,5.974768313375677,medio
2023-11-27,6.235816146148982,510.7172683333334,5.83607061559686,5.96700382232666,5.9328742027282715,5.902073531984142,medio
2023-11-28,6.355300419455075,575.5352166666665,6.235816146148982,6.274052143096924,6.267899513244629,6.225296347795628,alto
2023-11-29,6.2797378728600775,533.6487616666669,6.355300419455075,6.451568126678467,6.4641242027282715,6.436446972132726,medio
2023-11-30,6.485108502761556,655.3100633333332,6.2797378728600775,6.347311496734619,6.302504539489746,6.311079188685184,alto
2023-12-01,6.551627385384077,700.3830399999997,6.485108502761556,6.547030925750732,6.555367946624756,6.478972850922955,alto
2023-12-02,6.624943821360519,753.6618716666666,6.551627385384077,6.489390850067139,6.575742244720459,6.579251881509615,alto
2023-12-03,6.605699506968407,739.2968316666664,6.624943821360519,6.633456707000732,6.574610233306885,6.602933632692381,alto
2023-12-04,6.629063754607123,756.7733133333332,6.605699506968407,6.708285808563232,6.617425918579102,6.573949871643746,alto
2023-12-05,6.687676160826072,802.4553066666667,6.629063754607123,6.628109455108643,6.5863752365112305,6.616464576598532,alto
2023-12-06,6.700338256663462,812.6806733333332,6.687676160826072,6.7262864112854,6.7210693359375,6.693063741369817,alto
2023-12-07,6.696019671429637,809.1786100000003,6.700338256663462,6.6943511962890625,6.6425065994262695,6.7143131369174425,alto
2023-12-08,6.683312997182467,798.96169,6.696019671429637,6.622771263122559,6.577064037322998,6.707549206154413,alto
2023-12-09,6.781657366600624,881.5285299999999,6.683312997182467,6.730392932891846,6.707107067108154,6.694719731657141,alto
2023-12-10,6.8064381703179935,903.646433333333,6.781657366600624,6.734909534454346,6.746002674102783,6.7865305079866145,alto
2023-12-11,6.852917221619969,946.6384366666666,6.8064381703179935,6.797478675842285,6.788062572479248,6.802669292795904,alto
2023-12-12,6.80554146651602,902.8364933333334,6.852917221619969,6.8600754737854,6.833385467529297,6.867043223033203,alto
2023-12-13,6.816279915030137,912.5837983333336,6.80554146651602,6.863922595977783,6.794504642486572,6.811590605977957,alto
2023-12-14,6.790274636350374,889.1577233333334,6.816279915030137,6.831721305847168,6.766709804534912,6.841916949119736,alto
2023-12-15,6.767327708959373,868.9866033333333,6.790274636350374,6.760641574859619,6.7562665939331055,6.787474045328916,alto
2023-12-16,6.735596846240856,841.8457866666671,6.767327708959373,6.804379940032959,6.778315544128418,6.773507939639077,alto
2023-12-17,6.6552025636258625,776.8152616666665,6.735596846240856,6.709161281585693,6.713108539581299,6.707735211622667,alto
2023-12-18,6.634360753910532,760.7925766666667,6.6552025636258625,6.635714054107666,6.549679279327393,6.634559161877375,alto
2023-12-19,6.526197794953662,682.7971349999999,6.634360753910532,6.4564948081970215,6.41874361038208,6.594636788029619,alto
2023-12-20,6.280901472653996,534.2700766666668,6.526197794953662,6.426290512084961,6.3998260498046875,6.472289387675888,medio
2023-12-21,6.271536586571996,529.2900533333334,6.280901472653996,6.165797710418701,6.102555274963379,6.294256281794051,medio
2023-12-22,6.2003096308086905,492.9016349999997,6.271536586571996,6.257599830627441,6.240217685699463,6.30223265080073,medio
2023-12-23,6.223268164898931,504.3488366666667,6.2003096308086905,6.217052459716797,6.184322834014893,6.091977998037657,medio
2023-12-24,6.210002073624395,497.7022833333333,6.223268164898931,6.227950096130371,6.212015628814697,6.162260282725542,medio
2023-12-25,6.052623978829278,425.2273549999998,6.210002073624395,6.270150184631348,6.14939022064209,6.193620673846147,medio
2023-12-26,5.935462675979313,378.2149466666667,6.052623978829278,6.098446846008301,6.047719478607178,6.108556195593686,medio
2023-12-27,6.036805300641113,418.55374333333333,5.935462675979313,5.899728298187256,6.015512943267822,5.962815936640967,medio
2023-12-28,5.938233174104382,379.26424333333324,6.036805300641113,5.981532096862793,5.995040416717529,6.056050992534161,medio
2023-12-29,5.81666951979581,335.8516416666666,5.938233174104382,5.922205448150635,5.972613334655762,5.946533324074948,medio
2023-12-30,4.81836312711576,123.76234166666664,5.81666951979581,5.796672344207764,5.822821617126465,5.822888482806445,bajo
2023-12-31,5.201375701595287,181.52178999999992,4.81836312711576,5.036921977996826,4.991178512573242,4.870785444581762,bajo
2024-01-01,5.4034735438301995,222.17681833333336,5.201375701595287,5.350218296051025,5.3413848876953125,5.301571936689926,bajo
2024-01-02,5.949699234539237,383.6379366666668,5.4034735438301995,5.693728446960449,5.607309818267822,5.487007880754251,medio
2024-01-03,6.135809947633017,462.11323000000016,5.949699234539237,6.084354400634766,6.054062843322754,5.975906498866626,medio
2024-01-04,6.323741403152603,557.6555083333333,6.135809947633017,6.173125267028809,6.098741054534912,6.131851805976856,medio
2024-01-05,6.435144130444201,623.3724233333331,6.323741403152603,6.415663242340088,6.300388336181641,6.399582851990791,alto
2024-01-06,6.440541634107933,626.7461749999999,6.435144130444201,6.49074649810791,6.451829433441162,6.4744668409822825,alto
2024-01-07,6.451729913012645,633.7977600000003,6.440541634107933,6.544192790985107,6.390493392944336,6.48051300081002,alto
2024-01-08,6.455674314932258,636.3026499999997,6.451729913012645,6.503863334655762,6.416584014892578,6.512842225327913,alto
2024-01-09,6.537522175271461,690.5733366666668,6.455674314932258,6.545287132263184,6.547150135040283,6.5032239706829875,alto
2024-01-10,6.499016342741992,664.4876833333336,6.537522175271461,6.55368185043335,6.466512680053711,6.486434604111114,alto
2024-01-11,6.531048507197071,686.1172333333335,6.499016342741992,6.47278356552124,6.4205522537231445,6.385375578169548,alto
2024-01-12,6.500236598737345,665.2990233333336,6.531048507197071,6.469435691833496,6.448524475097656,6.403876501802915,alto
2024-01-13,6.470984682714357,646.1196366666666,6.500236598737345,6.417158603668213,6.381109714508057,6.3736232486249795,alto
2024-01-14,6.4186329098159325,613.16429,6.470984682714357,6.4128193855285645,6.42742919921875,6.346741057544469,alto
2024-01-15,6.419918733604891,613.9532183333337,6.4186329098159325,6.417185306549072,6.40269136428833,6.375820043261851,alto
2024-01-16,6.412114170833748,609.1802316666665,6.419918733604891,6.422877311706543,6.412189483642578,6.339635811249903,alto
2024-01-17,6.377021992237245,588.1735116666666,6.412114170833748,6.421233177185059,6.406880855560303,6.336290980930272,alto
2024-01-18,6.314184637088423,552.3515100000003,6.377021992237245,6.3533034324646,6.375292778015137,6.314012009988247,medio
2024-01-19,6.292815522993509,540.6734666666665,6.314184637088423,6.3015923500061035,6.326712131500244,6.313220179453022,medio
2024-01-20,6.265092978130633,525.89048,6.292815522993509,6.2849507331848145,6.278188705444336,6.305078319148395,medio
2024-01-21,6.220362264740961,502.8853766666667,6.265092978130633,6.253976345062256,6.343637943267822,6.27274835091645,medio
2024-01-22,6.21945726220027,502.4304699999998,6.220362264740961,6.287106037139893,6.291289806365967,6.244925122019409,medio
2024-01-23,6.203453196531214,494.4535416666667,6.21945726220027,6.27006196975708,6.283236026763916,6.242979672977115,medio
2024-01-24,6.1945163985485605,490.0543966666667,6.203453196531214,6.17416524887085,6.211538791656494,6.201797518108343,medio
2024-01-25,6.175255991837171,480.7060649999999,6.1945163985485605,6.1634392738342285,6.1839189529418945,6.158636753006939,medio
2024-01-26,6.101361118043917,446.4650483333334,6.175255991837171,6.156342029571533,6.1596856117248535,6.175218067290152,medio
2024-01-27,6.147913722654648,467.7405316666666,6.101361118043917,6.076078414916992,6.072057247161865,6.128039812536979,medio
2024-01-28,6.27151154012988,529.2767966666669,6.147913722654648,6.160395622253418,6.211676597595215,6.172640848368205,medio
2024-01-29,6.393873264208075,598.168965,6.27151154012988,6.30780029296875,6.363527774810791,6.283302315512217,alto
2024-01-30,6.4430918454755375,628.3465499999996,6.393873264208075,6.43472146987915,6.4802985191345215,6.384152118648161,alto
2024-01-31,6.458454606255089,638.0742183333334,6.4430918454755375,6.47937536239624,6.489228248596191,6.4614912182346815,alto
2024-02-01,6.5427696347373,694.2066166666668,6.458454606255089,6.490086555480957,6.507165908813477,6.461535964902157,alto
2024-02-02,6.53828616134731,691.1011266666669,6.5427696347373,6.542817115783691,6.56641149520874,6.518233339524975,alto
2024-02-03,6.506616454000874,669.5571033333337,6.53828616134731,6.502835750579834,6.4696245193481445,6.464181604314196,alto
2024-02-04,6.429149783535971,619.6468899999999,6.506616454000874,6.473690509796143,6.510843753814697,6.427470770664738,alto
2024-02-05,6.43697333893111,624.5137449999996,6.429149783535971,6.421271324157715,6.378851413726807,6.413797458377264,alto
2024-02-06,6.319907927238608,555.5218416666663,6.43697333893111,6.385682106018066,6.3630051612854,6.374472779524087,medio
2024-02-07,6.3265858120539615,559.2439666666666,6.319907927238608,6.286300182342529,6.261146545410156,6.272152286102349,medio
2024-02-08,6.058416781800106,427.69776166666674,6.3265858120539615,6.312755584716797,6.296044826507568,6.356332807416179,medio
2024-02-09,6.244337918401829,515.0880816666667,6.058416781800106,6.016919136047363,5.995019435882568,6.0390274843596945,medio
2024-02-10,6.280166836461473,533.8777266666665,6.244337918401829,6.1530938148498535,6.176440238952637,6.218460839529038,medio
2024-02-11,6.298962267604505,544.0070833333333,6.280166836461473,6.297994613647461,6.339778900146484,6.295162752222972,medio
2024-02-12,6.349711607124385,572.3276299999998,6.298962267604505,6.39858865737915,6.392885208129883,6.348480980431777,alto
2024-02-13,6.390841420581289,596.3581566666663,6.349711607124385,6.396362781524658,6.438429355621338,6.375019884990191,alto
2024-02-14,6.393482771532111,597.9354299999997,6.390841420581289,6.46867561340332,6.492692470550537,6.383330489842888,alto
2024-02-15,6.389724387283437,595.6923766666666,6.393482771532111,6.474506855010986,6.501532554626465,6.419851535274819,alto
2024-02-16,6.289806135762731,539.0488166666665,6.389724387283437,6.454117298126221,6.474554538726807,6.379482702557377,medio
2024-02-17,6.3395725628173905,566.5540933333334,6.289806135762731,6.344841480255127,6.358898639678955,6.2874213824192005,alto
2024-02-18,6.309486045433441,549.7623233333335,6.3395725628173905,6.368752956390381,6.442909240722656,6.339569821710672,medio
2024-02-19,6.350604955955505,572.8391466666668,6.309486045433441,6.3609938621521,6.330942630767822,6.312781637740462,alto
2024-02-20,6.365307692956235,581.3236700000002,6.350604955955505,6.384181499481201,6.42605447769165,6.315202167561556,alto
2024-02-21,6.398845768298415,601.1507700000001,6.365307692956235,6.403321266174316,6.444668769836426,6.324062812065333,alto
2024-02-22,6.226537202884161,506.00026999999983,6.398845768298415,6.42645263671875,6.442803859710693,6.349827215826568,medio
2024-02-23,6.344002488774606,569.0694533333334,6.226537202884161,6.215825080871582,6.205636978149414,6.201268519655489,alto
2024-02-24,6.373508759206906,586.1107466666665,6.344002488774606,6.329746723175049,6.386651992797852,6.31446392474244,alto
2024-02-25,6.320680610550364,555.95125,6.373508759206906,6.308897972106934,6.372619152069092,6.322170344910761,medio
2024-02-26,6.335798501661946,564.4199133333333,6.320680610550364,6.396304130554199,6.402332305908203,6.349648644790744,alto
2024-02-27,6.280850145859545,534.2426549999998,6.335798501661946,6.343245983123779,6.298332214355469,6.318740778007185,medio
2024-02-28,6.159754234125701,473.31173666666655,6.280850145859545,6.29539155960083,6.293450355529785,6.30076707350852,medio
2024-02-29,6.206406886900868,495.9161633333335,6.159754234125701,6.198856353759766,6.213865756988525,6.168448309022512,medio
2024-03-01,6.181630168352587,483.7799566666668,6.206406886900868,6.201179027557373,6.2049760818481445,6.212100102231549,medio
2024-03-02,6.200769877041159,493.1285433333335,6.181630168352587,6.205533981323242,6.223808288574219,6.169930573985701,medio
2024-03-03,6.159507090200497,473.1947749999999,6.200769877041159,6.176245212554932,6.186203479766846,6.1686668985966655,medio
2024-03-04,6.182754720220261,484.32429833333345,6.159507090200497,6.212028503417969,6.255922794342041,6.185880751005638,medio
2024-03-05,6.290072303809045,539.192313333333,6.182754720220261,6.196388244628906,6.2159271240234375,6.166158181202792,medio
2024-03-06,6.294570387477623,541.6231083333334,6.290072303809045,6.318631649017334,6.327866554260254,6.326024125677466,medio
2024-03-07,6.330879648656083,561.6504316666666,6.294570387477623,6.3214216232299805,6.321887493133545,6.32729085710406,medio
2024-03-08,6.2941092379357,541.3733966666667,6.330879648656083,6.364390850067139,6.366775989532471,6.337730233500607,medio
2024-03-09,6.299039239742736,544.0489583333334,6.2941092379357,6.32125997543335,6.328457355499268,6.323468095200083,medio
2024-03-10,6.325780517204172,558.7937916666666,6.299039239742736,6.275386333465576,6.303153038024902,6.319234951859549,medio
2024-03-11,6.3250513003183855,558.3864583333333,6.325780517204172,6.370232105255127,6.374349594116211,6.357229440271361,medio
2024-03-12,6.368787814970737,583.3502716666668,6.3250513003183855,6.334011077880859,6.374794006347656,6.341361597188292,alto
2024-03-13,6.352821323312714,574.1101766666667,6.368787814970737,6.3467512130737305,6.421141147613525,6.339772005759315,alto
2024-03-14,6.289072067677616,538.6532633333335,6.352821323312714,6.367320537567139,6.445782661437988,6.329780722731446,medio
2024-03-15,6.324301944626797,557.9681850000001,6.289072067677616,6.319270133972168,6.363073825836182,6.327306468062736,medio
2024-03-16,6.35265068529156,574.0122199999996,6.324301944626797,6.355105400085449,6.3892316818237305,6.336238604212791,alto
2024-03-17,6.365598572913666,581.4927900000001,6.35265068529156,6.326940059661865,6.408140659332275,6.340608046240419,alto
2024-03-18,6.268661435385555,527.77045,6.365598572913666,6.3696417808532715,6.448888778686523,6.350724022828783,medio
2024-03-19,6.418022288876171,612.7899933333332,6.268661435385555,6.299488067626953,6.366868495941162,6.298457010309426,alto
2024-03-20,6.436413258490279,624.1640650000002,6.418022288876171,6.41556453704834,6.421874046325684,6.391464247254829,alto
2024-03-21,6.482797953445665,653.7976850000003,6.436413258490279,6.398488521575928,6.442142009735107,6.387045488340716,alto
2024-03-22,6.561628815587949,707.4230183333334,6.482797953445665,6.410902500152588,6.442559242248535,6.436442514969049,alto
2024-03-23,6.5727948193833035,715.3663716666666,6.561628815587949,6.534719944000244,6.643092155456543,6.574136992512521,alto
2024-03-24,6.479949370790804,651.9379383333334,6.5727948193833035,6.479186534881592,6.549328804016113,6.530956807097038,alto
2024-03-25,6.601128664307188,735.9253333333335,6.479949370790804,6.461282253265381,6.544316291809082,6.437862129500242,alto
2024-03-26,6.726920416510311,834.5731666666667,6.601128664307188,6.569599628448486,6.546326637268066,6.556264346964754,alto
2024-03-27,6.826399052353496,921.8652399999995,6.726920416510311,6.7124481201171875,6.74517822265625,6.705051421791472,alto
2024-03-28,6.747092147993218,851.5788933333337,6.826399052353496,6.794440269470215,6.852547645568848,6.82731038923961,alto
2024-03-29,6.70021513389684,812.5806200000001,6.747092147993218,6.706300258636475,6.779562473297119,6.72132633253303,alto
2024-03-30,6.626910081745321,755.1452249999999,6.70021513389684,6.666213512420654,6.70604944229126,6.7123033312625635,alto
2024-03-31,6.568049366997097,711.9796766666665,6.626910081745321,6.632957458496094,6.637629508972168,6.608732427362125,alto
2024-04-01,6.750649321899385,854.6135016666668,6.568049366997097,6.590132236480713,6.598701477050781,6.54387828832823,alto
2024-04-02,6.939036044395691,1031.7751499999997,6.750649321899385,6.760692119598389,6.793424606323242,6.747814140244559,alto
2024-04-03,7.118619164193686,1234.7442766666663,6.939036044395691,6.94359827041626,6.949198246002197,6.9996947024837315,alto
2024-04-04,6.986812159349114,1082.2658800000004,7.118619164193686,7.047913074493408,6.982362270355225,7.144851717916758,alto
2024-04-05,6.881219675084462,973.8133716666671,6.986812159349114,6.846434593200684,6.866970062255859,6.989216117742723,alto
2024-04-06,6.486435641920582,656.1803283333335,6.881219675084462,6.757264614105225,6.869097709655762,6.842893127765839,alto
2024-04-07,6.451106070524536,633.402493333333,6.486435641920582,6.394782066345215,6.468916893005371,6.469174162739682,alto
2024-04-08,6.810407585856603,907.2405099999996,6.451106070524536,6.612448215484619,6.676766395568848,6.5103118157594615,alto
2024-04-09,6.900904913716795,993.1730450000003,6.810407585856603,6.8729047775268555,6.95704460144043,6.732946656919582,alto
2024-04-10,6.85698753769543,950.4994066666668,6.900904913716795,6.908389568328857,7.034604549407959,6.942441351378236,alto
2024-04-11,6.938380108284129,1031.0985933333334,6.85698753769543,6.89638614654541,6.9617838859558105,6.817608433644883,alto
2024-04-12,6.943631011291352,1036.5270316666672,6.938380108284129,7.025906562805176,7.030490875244141,7.0837368332347825,alto
2024-04-13,6.926177339355117,1018.5927933333329,6.943631011291352,7.024555206298828,6.9915995597839355,7.086238310910261,alto
2024-04-14,6.942296729712075,1035.144935,6.926177339355117,6.961531162261963,6.953780174255371,7.083114226508969,alto
2024-04-15,6.983769841484445,1078.9782866666671,6.942296729712075,6.990085124969482,6.966179370880127,7.087600141984529,alto
2024-04-16,7.000158201959297,1096.8066616666665,6.983769841484445,7.036027908325195,6.968020439147949,7.092075739045138,alto
2024-04-17,6.950150291660365,1043.3065166666665,7.000158201959297,7.045053005218506,7.108958721160889,7.103482901635966,alto
2024-04-18,6.945503358663334,1038.4695883333327,6.950150291660365,6.960310459136963,6.931610107421875,7.080334713607486,alto
2024-04-19,6.904748665312348,996.9979016666666,6.945503358663334,6.956271171569824,6.919092178344727,7.079466604361742,alto
2024-04-20,6.885317168549176,977.8117516666663,6.904748665312348,6.856014728546143,6.9187331199646,7.021749404757073,alto
2024-04-21,6.40464311595269,604.6459716666667,6.885317168549176,6.807019233703613,6.81837797164917,6.897636228581776,alto
2024-04-22,6.329325096362796,560.7779950000003,6.40464311595269,6.43418550491333,6.464015007019043,6.467067453494196,medio
2024-04-23,6.09056646855943,441.67153333333323,6.329325096362796,6.2529730796813965,6.347280025482178,6.2927263066186985,medio
2024-04-24,5.285551300981958,197.463015,6.09056646855943,5.991257190704346,6.024963855743408,6.096489947784525,bajo
2024-04-25,5.475812614873873,238.84447666666665,5.285551300981958,5.0619611740112305,5.145708084106445,5.3437249976467776,bajo
2024-04-26,5.370150738878904,214.89525833333337,5.475812614873873,5.19325590133667,5.362557411193848,5.422428209162594,bajo
2024-04-27,5.074331158214771,159.86523166666663,5.370150738878904,5.240634441375732,5.316381931304932,5.377701264293867,bajo
2024-04-28,4.671748344400645,106.88445,5.074331158214771,5.010204315185547,5.135754585266113,5.111668457200556,bajo
2024-04-29,4.913303057979971,136.08817999999994,4.671748344400645,5.055239677429199,5.040565013885498,4.873577053649406,bajo
2024-04-30,4.845168704251695,127.12472666666662,4.913303057979971,4.931846618652344,4.942082405090332,4.984401760597055,bajo
2024-05-01,4.995326363670187,147.72114833333336,4.845168704251695,4.893965244293213,4.994812488555908,4.875895549038552,bajo
2024-05-02,5.2626061352861235,192.98377833333333,4.995326363670187,5.239767551422119,5.342431545257568,5.038336662605412,bajo
2024-05-03,5.619715401371536,275.8108766666668,5.2626061352861235,5.314418792724609,5.455892086029053,5.352353559119781,medio
2024-05-04,5.771771566969804,321.10608999999994,5.619715401371536,5.599824905395508,5.760838985443115,5.619067391210965,medio
2024-05-05,5.743072779405025,312.02171333333314,5.771771566969804,5.626321792602539,5.657684803009033,5.684185773330809,medio
2024-05-06,5.717599988276742,304.1740249999999,5.743072779405025,5.806271076202393,5.845221042633057,5.7793982159624155,medio
2024-05-07,5.662126179657773,287.7598216666667,5.717599988276742,5.654642105102539,5.806215286254883,5.800212895444656,medio
2024-05-08,5.677961788112929,292.35294500000003,5.662126179657773,5.646944522857666,5.7855987548828125,5.6997517189151266,medio
2024-05-09,5.569416664160625,262.28105666666664,5.677961788112929,5.75809383392334,5.839675426483154,5.794526602828209,bajo
2024-05-10,5.5040439322586785,245.68345333333323,5.569416664160625,5.482589244842529,5.574030876159668,5.518239920552987,bajo
2024-05-11,5.412285014341691,224.14317333333327,5.5040439322586785,5.359527111053467,5.394514560699463,5.438061909098189,bajo
2024-05-12,4.951324848649432,141.3621233333333,5.412285014341691,5.246456623077393,5.268667697906494,5.382633350149239,bajo
2024-05-13,5.259166561617786,192.3211366666667,4.951324848649432,5.301832675933838,5.298722743988037,5.060048065279693,bajo
2024-05-14,5.407318442317773,223.03271000000007,5.259166561617786,5.4623942375183105,5.574702739715576,5.397526263240671,bajo
2024-05-15,5.345987983623505,209.76502666666667,5.407318442317773,5.494672775268555,5.569401741027832,5.388422233925356,bajo
2024-05-16,5.383027503269784,217.68030666666667,5.345987983623505,5.38337516784668,5.390748500823975,5.348628549271824,bajo
2024-05-17,5.5643098870805705,260.94505999999996,5.383027503269784,5.42857027053833,5.506436824798584,5.388826818156493,bajo
2024-05-18,5.552031686857071,257.7607133333333,5.5643098870805705,5.5190749168396,5.56151008605957,5.500413553932683,bajo
2024-05-19,5.28135388855049,196.63591833333328,5.552031686857071,5.460463523864746,5.525008201599121,5.488690128470539,bajo
2024-05-20,5.660585915402119,287.31693666666666,5.28135388855049,5.338314056396484,5.295393943786621,5.406437461109169,medio
2024-05-21,5.6287984419503925,278.32749000000007,5.660585915402119,5.758483409881592,5.77146053314209,5.7704499261818745,medio
2024-05-22,5.904716049198982,366.76306833333336,5.6287984419503925,5.708476543426514,5.758521556854248,5.723427182281187,medio
2024-05-23,5.942719021942215,380.9693866666666,5.904716049198982,5.960204601287842,6.11164665222168,5.936108819721058,medio
2024-05-24,6.114876252778985,452.5400433333335,5.942719021942215,5.961431503295898,6.086376190185547,5.9694408860514105,medio
2024-05-25,6.158247961168807,472.5993366666667,6.114876252778985,6.092874050140381,6.1757707595825195,6.090055509109292,medio
2024-05-26,5.888625142444119,360.90874499999995,6.158247961168807,6.074967861175537,6.132861137390137,6.120974218253898,medio
2024-05-27,6.089807906260244,441.33662500000014,5.888625142444119,6.045552730560303,6.118741035461426,5.949089484574239,medio
2024-05-28,6.041645806747356,420.5846666666666,6.089807906260244,6.066457271575928,6.0565667152404785,6.093001739939912,medio
2024-05-29,6.131351514275911,460.05751499999997,6.041645806747356,5.992506504058838,5.983785629272461,5.947200381936276,medio
2024-05-30,5.820812634380018,337.24600000000004,6.131351514275911,6.017508506774902,6.0614190101623535,6.023224046975171,medio
2024-05-31,5.365296126629237,213.85455333333334,5.820812634380018,5.698057651519775,5.6906304359436035,5.742600071680879,bajo
2024-06-01,5.451975010567399,233.21832000000003,5.365296126629237,5.3732781410217285,5.347469329833984,5.337485223626942,bajo
2024-06-02,5.471540421107565,237.82626333333326,5.451975010567399,5.3312177658081055,5.197854518890381,5.333950537361328,bajo
2024-06-03,5.547563229043418,256.6114900000001,5.471540421107565,5.662764549255371,5.589736461639404,5.491851020840019,bajo
2024-06-04,5.724365695902446,306.238955,5.547563229043418,5.728917598724365,5.6072611808776855,5.540862650730345,medio
2024-06-05,5.978643148974368,394.90417833333345,5.724365695902446,5.707536697387695,5.619378566741943,5.619160592060663,medio
2024-06-06,5.887196712035009,360.39358,5.978643148974368,5.925006866455078,5.9339375495910645,5.923439956178282,medio
2024-06-07,5.857947040101339,350.00486,5.887196712035009,5.982915878295898,5.983819961547852,5.87175768216368,medio
2024-06-08,5.915185049668176,370.62287999999995,5.857947040101339,6.01370906829834,6.032938003540039,5.873188755713548,medio
2024-06-09,5.731277001035816,308.3627966666666,5.915185049668176,5.913261413574219,5.952988147735596,5.899981091151924,medio
2024-06-10,5.710513382298734,302.02608333333325,5.731277001035816,5.803816795349121,5.722056865692139,5.772226566638602,medio
2024-06-11,5.723163520724774,305.8710233333334,5.710513382298734,5.844244956970215,5.766825199127197,5.78763262440198,medio
2024-06-12,5.807821207143409,332.8930300000001,5.723163520724774,5.805776596069336,5.785831928253174,5.730373385531616,medio
2024-06-13,5.887484134225615,360.49718000000007,5.807821207143409,5.845982074737549,5.837763786315918,5.772808865916264,medio
2024-06-14,5.917891909842094,371.6274633333335,5.887484134225615,5.977945327758789,6.060728549957275,5.923816158168412,medio
2024-06-15,5.67623821846455,291.8494883333334,5.917891909842094,5.930444240570068,5.954116344451904,5.903951230986823,medio
2024-06-16,5.615237619459342,274.57861666666673,5.67623821846455,5.6363205909729,5.596436023712158,5.646625556090827,medio
2024-06-17,5.529961571378098,252.1342216666666,5.615237619459342,5.430919647216797,5.5078206062316895,5.406344043263059,bajo
2024-06-18,5.485000246154568,241.0490033333333,5.529961571378098,5.506160259246826,5.470584869384766,5.520591039477244,bajo
2024-06-19,5.74080326976327,311.3143800000001,5.485000246154568,5.543673038482666,5.422790050506592,5.452325332608764,medio
2024-06-20,5.755062415065699,315.78525666666667,5.74080326976327,5.752655029296875,5.684565544128418,5.707245671412078,medio
2024-06-21,5.387182411932355,218.58662999999999,5.755062415065699,5.660475730895996,5.630683898925781,5.6567919434311555,bajo
2024-06-22,5.563164507663159,260.6463499999999,5.387182411932355,5.355576038360596,5.341155052185059,5.314547548575816,bajo
2024-06-23,5.253379404361929,191.21135833333324,5.563164507663159,5.624475002288818,5.507457733154297,5.47443418445312,bajo
2024-06-24,5.45576237838571,234.10327833333326,5.253379404361929,5.452075004577637,5.493284702301025,5.381420290661673,bajo
2024-06-25,5.586056549868961,266.68189666666666,5.45576237838571,5.4066596031188965,5.483431816101074,5.48140872344012,medio
2024-06-26,5.576618935576657,264.1768949999999,5.586056549868961,5.6510419845581055,5.692191123962402,5.585750944377862,medio
2024-06-27,5.63187664438328,279.1855583333333,5.576618935576657,5.5915374755859375,5.645931243896484,5.551757184295498,medio
2024-06-28,5.369827172341163,214.82573666666664,5.63187664438328,5.584751605987549,5.6481122970581055,5.608960531427387,bajo
2024-06-29,5.291441448175197,198.62953333333337,5.369827172341163,5.340115070343018,5.453636646270752,5.410214205012554,bajo
2024-06-30,4.745493275238714,115.06454999999998,5.291441448175197,5.229197978973389,5.439814567565918,5.356020209259338,bajo
2024-07-01,4.853224290369564,128.15292666666667,4.745493275238714,5.025031566619873,5.1643385887146,4.945370994295798,bajo
2024-07-02,5.109118454870098,165.52437333333327,4.853224290369564,5.014503479003906,5.1532673835754395,4.957026740367104,bajo
2024-07-03,5.232958153179149,187.34618333333333,5.109118454870098,5.104135036468506,5.27629280090332,5.113342257817026,bajo
2024-07-04,5.343668863367027,209.27912,5.232958153179149,5.311339378356934,5.449615955352783,5.273657485050868,bajo
2024-07-05,5.311481356445802,202.65020333333334,5.343668863367027,5.477947235107422,5.482071876525879,5.384905471382428,bajo
2024-07-06,5.054824509161031,156.77701499999998,5.311481356445802,5.4141316413879395,5.462863445281982,5.372974161356471,bajo
2024-07-07,4.906188903708461,135.12346333333335,5.054824509161031,5.130349159240723,5.076145172119141,5.04306941529344,bajo
2024-07-08,5.265425201821626,193.52858,4.906188903708461,4.983633995056152,4.971761703491211,5.040462804038583,bajo
2024-07-09,5.504483222286527,245.7914033333333,5.265425201821626,5.426421642303467,5.519331455230713,5.356307722683366,bajo
2024-07-10,5.356840896341214,212.0539866666666,5.504483222286527,5.6063947677612305,5.56988525390625,5.560212635483783,bajo
2024-07-11,5.805717459878254,332.1934433333332,5.356840896341214,5.4781646728515625,5.460836887359619,5.413451770423538,medio
2024-07-12,5.693246701131576,296.85585999999995,5.805717459878254,5.855038166046143,5.845107078552246,5.7774158223070975,medio
2024-07-13,5.5980978509254715,269.91250500000007,5.693246701131576,5.809950828552246,5.799696922302246,5.722489753506924,medio
2024-07-14,5.440384049517742,230.5307016666666,5.5980978509254715,5.659347057342529,5.6287841796875,5.550372800144185,bajo
2024-07-15,5.659727133500015,287.0703000000001,5.440384049517742,5.594876289367676,5.665731430053711,5.546393537826632,medio
2024-07-16,5.676215004174619,291.8427133333335,5.659727133500015,5.77454948425293,5.787728786468506,5.714682343092989,medio
2024-07-17,5.717113059605213,304.02595000000014,5.676215004174619,5.788881301879883,5.781259059906006,5.719462160284472,medio
2024-07-18,5.719470603248148,304.74354999999997,5.717113059605213,5.810506820678711,5.821930885314941,5.746708919179775,medio
2024-07-19,5.7695211919368194,320.3842933333331,5.719470603248148,5.802065372467041,5.7948760986328125,5.73549569043475,medio
2024-07-20,5.764435969258427,318.7592033333332,5.7695211919368194,5.803847312927246,5.8123602867126465,5.773873809282329,medio
2024-07-21,5.77500979456955,322.14758999999987,5.764435969258427,5.844831943511963,5.876587390899658,5.825849679907057,medio
2024-07-22,5.995313248014686,401.54244666666665,5.77500979456955,5.815765380859375,5.885369777679443,5.83306652032796,medio
2024-07-23,6.1286668540908495,458.8240733333333,5.995313248014686,6.038194179534912,6.0538482666015625,6.008616602449102,medio
2024-07-24,5.91533660285026,370.67905333333334,6.1286668540908495,6.134119510650635,6.134089946746826,6.152905143167265,medio
2024-07-25,5.9039143522548025,366.46915333333317,5.91533660285026,5.967649459838867,6.047574043273926,5.967118950766924,medio
2024-07-26,5.810152720365017,333.6700799999999,5.9039143522548025,5.951898097991943,6.019985675811768,5.965039342239443,medio
2024-07-27,5.8298944124600265,340.32274333333345,5.810152720365017,5.739722728729248,5.775062084197998,5.72719507822954,medio
2024-07-28,5.641916338034655,282.00261333333344,5.8298944124600265,5.772183418273926,5.658620834350586,5.737837697301901,medio
2024-07-29,5.931538996509314,376.73386000000005,5.641916338034655,5.8163981437683105,5.82291841506958,5.726343697030061,medio
2024-07-30,5.992773465100949,400.52390999999994,5.931538996509314,5.978892803192139,5.985255241394043,5.9745528204970295,medio
2024-07-31,5.972322119332132,392.41585000000003,5.992773465100949,6.011026859283447,6.037032127380371,6.030911812898561,medio
2024-08-01,6.073461259854171,434.1808966666667,5.972322119332132,6.004035472869873,5.9869608879089355,5.923865833651002,medio
2024-08-02,5.994765630033392,401.32261499999987,6.073461259854171,6.096602916717529,6.123664379119873,6.094607912739725,medio
2024-08-03,6.166306618827,476.42324,5.994765630033392,6.05820894241333,6.078065872192383,6.057172022432508,medio
2024-08-04,6.131929872486089,460.3236699999998,6.166306618827,6.204668045043945,6.186945915222168,6.1664053079172145,medio
2024-08-05,6.26631638802065,526.5342533333333,6.131929872486089,6.266143321990967,6.326694965362549,6.186305218748985,medio
2024-08-06,6.187794841186927,486.77151333333313,6.26631638802065,6.339521408081055,6.345223903656006,6.335392705371018,medio
2024-08-07,6.118772014354458,454.30646999999976,6.187794841186927,6.193771839141846,6.197231292724609,6.18171885516033,medio
2024-08-08,6.312429788409523,551.3830666666665,6.118772014354458,6.1557297706604,6.17126989364624,6.166734550887101,medio
2024-08-09,6.3154636107736914,553.0584050000001,6.312429788409523,6.391636848449707,6.394272804260254,6.361459230265399,medio
2024-08-10,6.3031632964399815,546.2972800000001,6.3154636107736914,6.365943908691406,6.363820552825928,6.354454678427784,medio
2024-08-11,5.978963377922908,395.0306583333333,6.3031632964399815,6.334690093994141,6.325179576873779,6.3316848830950905,medio
2024-08-12,6.404754329120565,604.7132199999998,5.978963377922908,6.127752304077148,6.185683250427246,5.97672082933681,alto
2024-08-13,6.429160095807614,619.6532800000001,6.404754329120565,6.4290595054626465,6.427732944488525,6.415106729160954,alto
2024-08-14,6.5110993161690605,672.5653733333331,6.429160095807614,6.454646110534668,6.446311950683594,6.417796978772998,alto
2024-08-15,6.468713208754781,644.6536583333335,6.5110993161690605,6.625408172607422,6.574376583099365,6.517352042547799,alto
2024-08-16,6.415316956792493,611.1344333333332,6.468713208754781,6.568600654602051,6.565099239349365,6.535091045530309,alto
2024-08-17,6.3466421180431,570.5735700000004,6.415316956792493,6.512053966522217,6.457367420196533,6.4205083683924125,alto
2024-08-18,6.414199587204793,610.4519516666667,6.3466421180431,6.406603813171387,6.38717794418335,6.346710962190202,alto
2024-08-19,6.4773413204574934,650.2398666666667,6.414199587204793,6.550502300262451,6.5581793785095215,6.4365749110530235,alto
2024-08-20,6.637469966011251,763.1617233333337,6.4773413204574934,6.5459303855896,6.57923698425293,6.50363940696956,alto
2024-08-21,6.6285951954564615,756.4188033333334,6.637469966011251,6.698972225189209,6.707206726074219,6.653195582057817,alto
2024-08-22,6.666298314441817,785.4826066666668,6.6285951954564615,6.705740928649902,6.716452121734619,6.6380753327601125,alto
2024-08-23,6.554263672368207,702.2318866666669,6.666298314441817,6.712290287017822,6.698375701904297,6.698505851929798,alto
2024-08-24,6.470725713650476,645.9523333333335,6.554263672368207,6.5100836753845215,6.56576681137085,6.569552025810222,alto
2024-08-25,6.3860546584356195,593.5103533333335,6.470725713650476,6.431661605834961,6.395630836486816,6.422601289512628,alto
2024-08-26,6.123418554126199,456.42233500000003,6.3860546584356195,6.429103374481201,6.41339111328125,6.366948299796335,medio
2024-08-27,6.271451642140191,529.245095,6.123418554126199,6.2457594871521,6.272986888885498,6.172471612531238,medio
2024-08-28,6.297584050693701,543.2578400000001,6.271451642140191,6.3499627113342285,6.344117641448975,6.291546023426739,medio
2024-08-29,6.233826751316939,509.70226,6.297584050693701,6.351945877075195,6.347904682159424,6.275698761429626,medio
2024-08-30,6.200897327234284,493.1913966666666,6.233826751316939,6.247990131378174,6.290203094482422,6.215136915302272,medio
2024-08-31,6.294816410844043,541.7563766666666,6.200897327234284,6.213833808898926,6.2283854484558105,6.191083701703503,medio
2024-09-01,6.3570443110223565,576.5397633333332,6.294816410844043,6.35486364364624,6.316971778869629,6.297839197413776,alto
2024-09-02,6.463878189209205,641.5442683333331,6.3570443110223565,6.471790790557861,6.497781276702881,6.364698242173239,alto
2024-09-03,6.454526550378243,635.5727433333332,6.463878189209205,6.51722526550293,6.49911642074585,6.4387822789632985,alto
2024-09-04,6.474851294500888,648.6227666666668,6.454526550378243,6.508852005004883,6.516459941864014,6.451874713460507,alto
2024-09-05,6.510877870796854,672.4164533333332,6.474851294500888,6.521824359893799,6.529097557067871,6.45177276914592,alto
2024-09-06,6.5446085907910465,695.4844066666668,6.510877870796854,6.506025791168213,6.468682289123535,6.439085946416537,alto
2024-09-07,6.565541467017815,710.1963400000001,6.5446085907910465,6.550084114074707,6.617821216583252,6.575120053099456,alto
2024-09-08,6.453884521644195,635.1648183333334,6.565541467017815,6.584468841552734,6.575300693511963,6.5635310530435405,alto
2024-09-09,6.511349763553496,672.7338366666665,6.453884521644195,6.587236404418945,6.630236625671387,6.5211291844765595,alto
2024-09-10,6.636515110126923,762.4333616666667,6.511349763553496,6.564492702484131,6.541511058807373,6.474647941099728,alto
2024-09-11,6.667982205868487,786.8063883333335,6.636515110126923,6.660775184631348,6.650413513183594,6.647539896914569,alto
2024-09-12,6.708031005521363,818.9565300000004,6.667982205868487,6.709289073944092,6.683465957641602,6.692697184523225,alto
2024-09-13,6.697692783870332,810.5335899999995,6.708031005521363,6.7326154708862305,6.7543487548828125,6.707341494000244,alto
2024-09-14,6.760281151846874,862.884763333333,6.697692783870332,6.721960544586182,6.744205474853516,6.692542504861513,alto
2024-09-15,6.743348462664599,848.3968099999996,6.760281151846874,6.750011444091797,6.792756080627441,6.739368934076672,alto
2024-09-16,6.815324300629779,911.7121366666671,6.743348462664599,6.823830604553223,6.812932014465332,6.810882508055501,alto
2024-09-17,6.825586463297455,921.1164466666669,6.815324300629779,6.835999011993408,6.852643013000488,6.866072916618535,alto
2024-09-18,6.829836223096387,925.0393,6.825586463297455,6.811399459838867,6.784575939178467,6.827027643664333,alto
2024-09-19,6.8305232677369245,925.6750616666664,6.829836223096387,6.817429542541504,6.815014362335205,6.782267619654585,alto
2024-09-20,6.838668756681514,933.24593,6.8305232677369245,6.8289361000061035,6.7996506690979,6.864037577567649,alto
2024-09-21,6.839495886647858,934.018165,6.838668756681514,6.8277435302734375,6.833147048950195,6.86228441467519,alto
2024-09-22,6.838497372376481,933.0860000000002,6.839495886647858,6.7940168380737305,6.77811861038208,6.834443505112106,alto
2024-09-23,6.839520800199868,934.0414350000001,6.838497372376481,6.842805862426758,6.894011497497559,6.833676921831591,alto
2024-09-24,6.83978277959561,934.2861666666666,6.839520800199868,6.7881011962890625,6.811310291290283,6.793486548378666,alto
2024-09-25,6.828666720685495,923.9580966666666,6.83978277959561,6.836395740509033,6.859809398651123,6.787629426386298,alto
2024-09-26,6.825723197427033,921.2424033333333,6.828666720685495,6.836829662322998,6.860407829284668,6.836104268209701,alto
2024-09-27,6.814989857365725,911.4072716666669,6.825723197427033,6.81851863861084,6.862853050231934,6.82805151051668,alto
2024-09-28,6.816599861852323,912.8758233333332,6.814989857365725,6.835150718688965,6.877030849456787,6.785009678798498,alto
2024-09-29,6.81609324260304,912.4134599999998,6.816599861852323,6.804821014404297,6.789778232574463,6.7630163010965045,alto
2024-09-30,7.823567524399903,2498.804069999999,6.81609324260304,6.832287788391113,6.908695697784424,6.768791651097123,alto
2024-10-01,6.971137788445613,1065.4342999999997,7.823567524399903,7.095669746398926,6.972681522369385,7.133954952424636,alto
2024-10-02,7.042939108497167,1144.7472033333336,6.971137788445613,6.985985279083252,6.892580509185791,6.97328646135509,alto
2024-10-03,7.291102001360831,1467.1866483333336,7.042939108497167,7.012143611907959,7.06060791015625,7.03689457257219,alto
2024-10-04,7.2331115436187305,1384.5238150000005,7.291102001360831,7.158544540405273,7.075271129608154,7.108162850663073,alto
2024-10-05,7.2227097299064305,1370.1968983333336,7.2331115436187305,7.1175642013549805,7.0326738357543945,7.10705253761277,alto
2024-10-06,7.045441711004023,1147.6156383333334,7.2227097299064305,7.193432331085205,6.989908218383789,7.10630004292024,alto
2024-10-07,7.376381359843629,1597.79744,7.045441711004023,7.194418430328369,7.236883640289307,7.037281150907152,alto
2024-10-08,7.260415675062944,1422.847856666667,7.376381359843629,7.118861198425293,7.092461109161377,7.135103326832759,alto
2024-10-09,7.333721396822343,1531.068898333334,7.260415675062944,7.071278095245361,7.006713390350342,7.111806331302093,alto
2024-10-10,7.136251036320807,1256.7081933333332,7.333721396822343,7.023458003997803,6.934488296508789,7.115172412364512,alto
2024-10-11,7.1923448307673885,1329.216341666667,7.136251036320807,6.934505939483643,6.843601226806641,7.122433620371518,alto
2024-10-12,6.915930327032089,1008.2085550000002,7.1923448307673885,6.932265758514404,6.878414154052734,7.1501344879911795,alto
2024-10-13,7.145217995956957,1268.0277199999994,6.915930327032089,6.858188629150391,6.805135726928711,6.977342504011701,alto
2024-10-14,7.373491210379705,1593.1862333333336,7.145217995956957,7.15670108795166,7.086479663848877,7.140918980761229,alto
2024-10-15,7.461731828641164,1740.1591066666672,7.373491210379705,7.143750190734863,7.063945293426514,7.173659743611841,alto
2024-10-16,7.432458229680729,1689.956773333334,7.461731828641164,7.157078266143799,7.07459020614624,7.170825775815327,alto
2024-10-17,7.412507460680433,1656.5749400000002,7.432458229680729,7.103946208953857,7.034790515899658,7.170825775815327,alto
2024-10-18,7.539230859522696,1880.3831900000007,7.412507460680433,7.122862339019775,7.053947925567627,7.170825775815327,alto
2024-10-19,7.722891040224706,2259.4824016666657,7.539230859522696,7.1362833976745605,7.02000617980957,7.172381929724036,alto
2024-10-20,6.959494482520757,1053.1010616666667,7.722891040224706,7.094538688659668,6.946528911590576,7.17274089339331,alto
2024-10-21,7.11161012148144,1226.12016,6.959494482520757,6.876832485198975,6.9102559089660645,7.009204593986356,alto
2024-10-22,7.4053264178752505,1644.7216149999997,7.11161012148144,7.3280029296875,7.381746292114258,7.212906070664585,alto
2024-10-23,7.429969854725156,1685.7567550000003,7.4053264178752505,7.3484883308410645,7.352611541748047,7.301708770821173,alto
2024-10-24,7.286273059567315,1460.1187683333335,7.429969854725156,7.331945896148682,7.28184175491333,7.312341888593211,alto
2024-10-25,7.602583432581591,2003.3647733333337,7.286273059567315,7.252035617828369,7.229507923126221,7.207682774335555,alto
2024-10-26,7.4381402357447675,1699.58645,7.602583432581591,7.3230671882629395,7.3152055740356445,7.22996676202091,alto
2024-10-27,7.018753466561466,1117.3928816666664,7.4381402357447675,7.320799827575684,7.31844425201416,7.273152304831917,alto
2024-10-28,7.495488660983265,1799.9040933333329,7.018753466561466,7.3396992683410645,7.300405502319336,7.132166632456207,alto
2024-10-29,7.463392892081685,1743.0520233333343,7.495488660983265,7.385659217834473,7.329124927520752,7.328430546802988,alto
2024-10-30,7.438184234696113,1699.6612316666672,7.463392892081685,7.422584533691406,7.390997886657715,7.420568298220892,alto
2024-10-31,7.806738539587638,2457.103606666668,7.438184234696113,7.414022922515869,7.380558490753174,7.292994403755175,alto
2024-11-01,7.807607617772746,2459.239950000001,7.806738539587638,7.360044479370117,7.3267598152160645,7.253595915013613,alto
2024-11-02,7.804578217097107,2451.8012000000012,7.807607617772746,7.442739963531494,7.395308494567871,7.24328890433989,alto
2024-11-03,7.807607617772746,2459.239950000001,7.804578217097107,7.373046398162842,7.306221008300781,7.23692382258129,alto
2024-11-04,7.768948803035641,2365.9828666666676,7.807607617772746,7.633471488952637,7.551229000091553,7.31421642041824,alto
2024-11-05,7.366440946885988,1581.9933533333335,7.768948803035641,7.569065093994141,7.44197940826416,7.254195969044049,alto
2024-11-06,7.533726699500546,1870.0616916666665,7.366440946885988,7.242376804351807,7.194550037384033,7.234363308438892,alto
2024-11-07,7.546788497827637,1894.648283333334,7.533726699500546,7.330517292022705,7.277305603027344,7.232988123074215,alto
2024-11-08,7.343766600278793,1546.5263033333338,7.546788497827637,7.246183395385742,7.20205545425415,7.286107593233813,alto
2024-11-09,6.669564637981913,788.0524416666667,7.343766600278793,7.176862716674805,7.1386919021606445,7.206525424374158,alto
2024-11-10,6.715009338609774,824.6914683333334,6.669564637981913,6.675928592681885,6.488437652587891,6.577545049317744,alto
2024-11-11,6.69529049364285,808.5887900000001,6.715009338609774,6.814655780792236,6.670219421386719,6.601119963192286,alto
2024-11-12,6.9111605876648525,1003.4111133333332,6.69529049364285,6.991583824157715,6.953726291656494,6.5923658656665385,alto
2024-11-13,6.717677089139562,826.8944766666667,6.9111605876648525,6.880548477172852,6.991092681884766,6.983188977482926,alto
2024-11-14,6.814775541253692,911.2119633333333,6.717677089139562,6.73887825012207,6.793298721313477,6.620596929402038,alto
2024-11-15,6.544159548696788,695.172175,6.814775541253692,6.7904510498046875,6.946553707122803,6.819454949276659,alto
2024-11-16,6.548137342017952,697.9429333333334,6.544159548696788,6.4261980056762695,6.482443809509277,6.46421566578704,alto
2024-11-17,6.269400735462183,528.160775,6.548137342017952,6.504060745239258,6.453057765960693,6.493976646916635,medio
2024-11-18,6.54379866410006,694.9213433333333,6.269400735462183,6.4120893478393555,6.275440692901611,6.228990737534747,alto
2024-11-19,6.534650912945305,688.5933633333334,6.54379866410006,6.671006679534912,6.6903252601623535,6.47678496021662,alto
2024-11-20,6.61494564525034,746.1641716666667,6.534650912945305,6.555314064025879,6.515425682067871,6.460240261694871,alto
2024-11-21,6.327834543383782,559.9427483333335,6.61494564525034,6.572353839874268,6.520468711853027,6.545793554494266,medio
2024-11-22,6.51727394632727,676.7310633333333,6.327834543383782,6.304271221160889,6.288895606994629,6.251485076070175,alto
2024-11-23,6.325130364296436,558.4306083333335,6.51727394632727,6.452400207519531,6.4833455085754395,6.436236919489174,medio
2024-11-24,5.421730118166449,226.27025833333337,6.325130364296436,6.355713844299316,6.262263298034668,6.299339398219573,bajo
2024-11-25,6.092627335875321,442.5826983333334,5.421730118166449,5.74515438079834,5.831289291381836,5.5498621478420125,medio
2024-11-26,6.208736286359163,497.0726966666667,6.092627335875321,6.078324317932129,6.084924697875977,6.037298060121875,medio
2024-11-27,6.637118095762178,762.8932366666669,6.208736286359163,6.209664344787598,6.217753887176514,6.224321457864395,alto
2024-11-28,6.6805994873023185,796.7966383333332,6.637118095762178,6.594004154205322,6.591485977172852,6.567867275564669,alto
2024-11-29,6.388515925519832,594.9729399999999,6.6805994873023185,6.649580955505371,6.665815353393555,6.668810024189898,alto
2024-11-30,6.073070885519716,434.0114366666666,6.388515925519832,6.417391777038574,6.380343914031982,6.385233184150715,medio
2024-12-01,6.300034530883891,544.5907150000002,6.073070885519716,6.152334690093994,6.089532852172852,6.050244614983779,medio
2024-12-02,6.488875297468105,657.783136666667,6.300034530883891,6.496394157409668,6.48915433883667,6.288299049924173,alto
2024-12-03,6.595966402875974,732.136083333333,6.488875297468105,6.5223798751831055,6.530336380004883,6.505078091084424,alto
2024-12-04,6.659534501852537,780.1876766666663,6.595966402875974,6.615668296813965,6.594021320343018,6.55259484243631,alto
2024-12-05,6.677856405521777,794.6139549999998,6.659534501852537,6.6425909996032715,6.648828029632568,6.626391138702575,alto
2024-12-06,6.664339056168278,783.94515,6.677856405521777,6.697697162628174,6.697102069854736,6.655417500473148,alto
2024-12-07,6.694584451009656,808.0180933333335,6.664339056168278,6.723519325256348,6.698593616485596,6.637843987189808,alto
2024-12-08,6.572710630538509,715.3061483333336,6.694584451009656,6.702855110168457,6.688632965087891,6.674590612622087,alto
2024-12-09,6.742616872628956,847.7763583333336,6.572710630538509,6.770729064941406,6.835052013397217,6.544067748227994,alto
2024-12-10,6.758440762708023,861.2981799999999,6.742616872628956,6.752031326293945,6.739800453186035,6.766175438617831,alto
2024-12-11,6.775310979067684,875.951723333333,6.758440762708023,6.741121768951416,6.78469181060791,6.77135050182361,alto
2024-12-12,6.7927173283798155,891.3323166666668,6.775310979067684,6.7497992515563965,6.7809553146362305,6.776963326924683,alto
2024-12-13,6.851562940693834,945.35729,6.7927173283798155,6.7898383140563965,6.748347759246826,6.788206738454623,alto
2024-12-14,6.916797818379342,1009.0835466666663,6.851562940693834,6.7992939949035645,6.782468795776367,6.82428789630981,alto
2024-12-15,6.842039298689306,936.3967816666664,6.916797818379342,6.91727352142334,6.906853675842285,7.012491753606608,alto
2024-12-16,6.991971396621923,1087.8639750000004,6.842039298689306,6.98750638961792,7.0154314041137695,6.959565421609741,alto
2024-12-17,6.95381020898147,1047.1319283333335,6.991971396621923,6.927070617675781,6.854933738708496,6.985819128572781,alto
2024-12-18,6.831491808487026,926.5720500000003,6.95381020898147,6.942639350891113,6.955613613128662,6.998955538693841,alto
2024-12-19,6.7858991802799205,885.2757516666667,6.831491808487026,6.797194957733154,6.834995269775391,6.854270445618064,alto
2024-12-20,6.83284585164643,927.8275183333335,6.7858991802799205,6.742504119873047,6.849359035491943,6.79045928044047,alto
2024-12-21,6.857004653112861,950.5156749999998,6.83284585164643,6.851170539855957,6.881955623626709,6.811232936801269,alto
2024-12-22,6.7736198430077765,874.4716216666667,6.857004653112861,6.755651950836182,6.800076007843018,6.88471548716706,alto
2024-12-23,6.574006642991155,716.2337950000001,6.7736198430077765,6.867569446563721,6.920377731323242,6.803443292834204,alto
2024-12-24,6.56820005750989,712.0869733333335,6.574006642991155,6.481899261474609,6.521857738494873,6.5411051865571785,alto
2024-12-25,6.053903698140687,425.7718749999999,6.56820005750989,6.520961284637451,6.562035083770752,6.541567561538188,medio
2024-12-26,6.254253381689236,520.2208233333336,6.053903698140687,6.394402980804443,6.27355432510376,6.092536362428358,medio
2024-12-27,5.949416197623167,383.52936833333325,6.254253381689236,6.382893085479736,6.345008850097656,6.2963185161401585,medio
2024-12-28,6.19383035505483,489.71831333333336,5.949416197623167,6.085113525390625,6.112304210662842,6.002153900104772,medio
2024-12-29,5.679355164647765,292.7605866666666,6.19383035505483,6.189417362213135,6.152648448944092,6.142791234886571,medio
2024-12-30,5.95315793670212,384.9671233333333,5.679355164647765,6.0677170753479,6.073790073394775,5.773946817185478,medio
2024-12-31,5.090088843634832,162.40428999999997,5.95315793670212,6.0600481033325195,6.061058044433594,5.9874111599608595,bajo
2025-01-01,5.374447584250876,215.82061666666664,5.090088843634832,5.274365425109863,5.2436065673828125,5.144381866011722,bajo
2025-01-02,6.130393258384533,459.6168733333334,5.374447584250876,5.7957234382629395,5.693917751312256,5.5371050484102025,medio
2025-01-03,6.229145884194611,507.3219866666669,6.130393258384533,6.219536781311035,6.171203136444092,6.004646614417572,medio
2025-01-04,6.030102169623877,415.757505,6.229145884194611,6.220844745635986,6.159885883331299,6.181802932559856,medio
2025-01-05,5.16924897134662,175.78277,6.030102169623877,6.0109477043151855,6.022467136383057,5.891144058700489,bajo
2025-01-06,5.755345030289688,315.874515,5.16924897134662,5.5806121826171875,5.584710121154785,5.355778872562964,medio
2025-01-07,5.839883933357546,343.7394416666668,5.755345030289688,5.986207962036133,5.923084735870361,5.627528906493863,medio
2025-01-08,5.485968335651225,241.2824733333334,5.839883933357546,5.754040241241455,5.687625885009766,5.857097525305342,bajo
2025-01-09,5.400958901626062,221.61882499999993,5.485968335651225,5.63080358505249,5.577498435974121,5.480015854773776,bajo
2025-01-10,5.389070443666511,218.99971833333328,5.400958901626062,5.540966987609863,5.528482437133789,5.5285072705124465,bajo
2025-01-11,5.591224365268189,268.06362666666666,5.389070443666511,5.535682678222656,5.541618824005127,5.49933046551462,medio
2025-01-12,5.693593823962671,296.95892333333325,5.591224365268189,5.647303581237793,5.625661849975586,5.534269727147845,medio
2025-01-13,5.933933399105403,377.6369933333331,5.693593823962671,5.819718837738037,5.816080570220947,5.758442151965583,medio
2025-01-14,6.095231841762984,443.73690999999985,5.933933399105403,6.143311023712158,6.101624965667725,6.025023359035757,medio
2025-01-15,6.305167830879162,547.3934499999997,6.095231841762984,6.199410438537598,6.202951431274414,6.188383239263972,medio
2025-01-16,6.3909240911959895,596.4074600000002,6.305167830879162,6.380256652832031,6.345737934112549,6.405793850062164,alto
2025-01-17,6.530676402427983,685.8619733333334,6.3909240911959895,6.449737548828125,6.383617877960205,6.414989850842941,alto
2025-01-18,6.50087827712091,665.726068333333,6.530676402427983,6.572076797485352,6.520094394683838,6.508683945880875,alto
2025-01-19,6.458712220736013,638.2386166666669,6.50087827712091,6.583981037139893,6.514288425445557,6.498195176920795,alto
2025-01-20,6.479390145388866,651.5734600000002,6.458712220736013,6.7119221687316895,6.612005233764648,6.51736796344525,alto
2025-01-21,6.517402169745178,676.8178416666666,6.479390145388866,6.527762413024902,6.517723083496094,6.515264578589063,alto
2025-01-22,6.553520412773756,701.7101399999998,6.517402169745178,6.523762226104736,6.505258083343506,6.51508045395277,alto
2025-01-23,6.602586012947407,736.9986149999996,6.553520412773756,6.570583343505859,6.535226821899414,6.559877083966195,alto
2025-01-24,6.5222116268940535,680.0808083333332,6.602586012947407,6.587679386138916,6.614076137542725,6.609376999247392,alto
2025-01-25,6.580552263423684,720.9373666666667,6.5222116268940535,6.537657260894775,6.531734943389893,6.5145577503407015,alto
2025-01-26,6.627311681004406,755.448551666667,6.580552263423684,6.592648506164551,6.564859390258789,6.581437255841851,alto
2025-01-27,6.588572246988358,726.7425200000001,6.627311681004406,6.776363849639893,6.747626304626465,6.59307456244093,alto
2025-01-28,6.594400386248908,730.9904433333332,6.588572246988358,6.594679355621338,6.586911201477051,6.57911131411269,alto
2025-01-29,6.631709264262103,758.7780149999999,6.594400386248908,6.589560508728027,6.596494197845459,6.581609483049755,alto
2025-01-30,6.548866397997152,698.4519583333332,6.631709264262103,6.632344722747803,6.61028528213501,6.588652983386629,alto
2025-01-31,6.453776378510335,635.0961333333333,6.548866397997152,6.523154258728027,6.516642093658447,6.519449043879394,alto
2025-02-01,6.443349849202358,628.5086866666667,6.453776378510335,6.4762797355651855,6.489998817443848,6.466612460741817,alto
2025-02-02,6.194952921454679,490.2683633333334,6.443349849202358,6.443708419799805,6.4548163414001465,6.41441198983145,medio
2025-02-03,6.4735104285864,647.7536333333333,6.194952921454679,6.298541069030762,6.338003635406494,6.232024316415838,alto
2025-02-04,6.51663042615083,676.2957133333333,6.4735104285864,6.475039482116699,6.472082138061523,6.497857927876153,alto
2025-02-05,6.562422017178849,707.98437,6.51663042615083,6.489753723144531,6.460328102111816,6.511185732756131,alto
2025-02-06,6.599045551327127,734.3939133333329,6.562422017178849,6.5449018478393555,6.507253646850586,6.539001302304804,alto
2025-02-07,6.462392137391056,640.5916083333335,6.599045551327127,6.563812732696533,6.5796074867248535,6.558264924521883,alto
2025-02-08,6.194842792029578,490.21437333333324,6.462392137391056,6.433461666107178,6.457630157470703,6.4367539309198225,medio
2025-02-09,6.432422013757722,621.6778383333332,6.194842792029578,6.140133380889893,6.148024082183838,6.109858787665911,alto
2025-02-10,6.380718726375134,590.3518566666665,6.432422013757722,6.556483268737793,6.470658779144287,6.430101904640631,alto
2025-02-11,6.015750808856349,409.8334300000001,6.380718726375134,6.300073623657227,6.26732063293457,6.274751388419026,medio
2025-02-12,6.414101084292932,610.3918233333332,6.015750808856349,5.9551520347595215,6.021225452423096,5.971761335107552,alto
2025-02-13,6.314220368527011,552.3712466666665,6.414101084292932,6.328300952911377,6.2584733963012695,6.402876954800842,medio
2025-02-14,6.133552694811843,461.0712999999998,6.314220368527011,6.225986957550049,6.205720901489258,6.222437761585602,medio
2025-02-15,6.084355811269101,438.9369633333331,6.133552694811843,5.9510393142700195,6.016161918640137,6.085652952613157,medio
2025-02-16,5.839736853782212,343.6888883333334,6.084355811269101,5.820578098297119,5.828225135803223,5.934449819705141,medio
2025-02-17,5.721632641585975,305.40313,5.839736853782212,5.845524787902832,5.839629650115967,5.819216860101019,medio
2025-02-18,5.597097112641075,269.6425283333334,5.721632641585975,5.5356035232543945,5.514861106872559,5.689913397910404,medio
2025-02-19,5.437424108819232,229.84935333333337,5.597097112641075,5.490091323852539,5.506955623626709,5.5600073247264525,bajo
2025-02-20,5.533807056342987,253.1056666666667,5.437424108819232,5.264046669006348,5.303078651428223,5.524319339143291,bajo
2025-02-21,5.336512056724845,207.78669666666667,5.533807056342987,5.365323066711426,5.372964859008789,5.519349776710513,bajo
2025-02-22,5.2845758664525455,197.27049666666673,5.336512056724845,5.265998363494873,5.2881059646606445,5.369155037210016,bajo
2025-02-23,5.263918242828052,193.23716,5.2845758664525455,5.301074504852295,5.2262725830078125,5.369726266123045,bajo
2025-02-24,5.574347164161281,263.57742666666667,5.263918242828052,5.477677822113037,5.495532035827637,5.493645586341418,medio
2025-02-25,5.711593307193094,302.35242500000004,5.574347164161281,5.611691474914551,5.603193759918213,5.578043568028911,medio
2025-02-26,5.57736738983139,264.3746933333333,5.711593307193094,5.749694347381592,5.753213405609131,5.673773190207669,medio
2025-02-27,5.473985197433009,238.4084066666667,5.57736738983139,5.612104892730713,5.61822509765625,5.581988216820518,bajo
2025-02-28,5.460199346986822,235.14429500000003,5.473985197433009,5.4907989501953125,5.512133598327637,5.538815962928587,bajo
2025-03-01,5.131775158429472,169.31741666666656,5.460199346986822,5.439157485961914,5.484558582305908,5.494160063962348,bajo
2025-03-02,5.023188768482876,151.89489,5.131775158429472,5.1683149337768555,5.124958515167236,5.228763472373029,bajo
2025-03-03,5.367388490528737,214.30248333333327,5.023188768482876,5.195389747619629,5.27083158493042,5.133436295023063,bajo
2025-03-04,5.560788298403283,260.0277350000001,5.367388490528737,5.475900173187256,5.511780738830566,5.488771466266263,bajo
2025-03-05,5.413191820824087,224.34652000000014,5.560788298403283,5.586791515350342,5.584373950958252,5.570583650651252,bajo
2025-03-06,5.419277424195352,225.71596666666662,5.413191820824087,5.4349822998046875,5.444601058959961,5.502898548340223,bajo
2025-03-07,5.2321533561294,187.1954683333333,5.419277424195352,5.3970842361450195,5.448370933532715,5.507058903798822,bajo
2025-03-08,5.2212480215472565,185.16513000000006,5.2321533561294,5.2161030769348145,5.270163536071777,5.364100020205161,bajo
2025-03-09,5.219957286212801,184.926285,5.2212480215472565,5.190248012542725,5.1899003982543945,5.343990045144332,bajo
2025-03-10,5.4814930654032255,240.20508166666676,5.219957286212801,5.412594318389893,5.501758098602295,5.3854099053618,bajo
2025-03-11,5.661184946475209,287.4890999999999,5.4814930654032255,5.525777339935303,5.536211013793945,5.510130983778385,medio
2025-03-12,5.627028264129147,277.8352366666666,5.661184946475209,5.757585048675537,5.791847229003906,5.7646932702201426,medio
2025-03-13,5.527838179831485,251.59941000000003,5.627028264129147,5.701939582824707,5.688488960266113,5.669013965670399,bajo
2025-03-14,5.4854038723641905,241.14631666666676,5.527838179831485,5.527441024780273,5.485439777374268,5.527089077412729,bajo
2025-03-15,5.467920715100724,236.96695833333334,5.4854038723641905,5.446753025054932,5.437472343444824,5.496235555713395,bajo
2025-03-16,5.477425265069366,239.22996,5.467920715100724,5.348733425140381,5.322399616241455,5.436820296701486,bajo
2025-03-17,5.549199592183575,257.03174333333334,5.477425265069366,5.485419273376465,5.5683159828186035,5.563032298967633,bajo
2025-03-18,5.4685591727163,237.11830000000006,5.549199592183575,5.5244951248168945,5.479479789733887,5.525269535500332,bajo
2025-03-19,5.545644861264981,256.1196866666667,5.4685591727163,5.427392482757568,5.468698024749756,5.455549301930654,bajo
2025-03-20,5.596683207504991,269.530945,5.545644861264981,5.473550796508789,5.441279411315918,5.535440585735777,medio
2025-03-21,5.419143825549028,225.68581333333327,5.596683207504991,5.420505523681641,5.461964130401611,5.5424530102077965,bajo
2025-03-22,5.337056184762447,207.89979000000002,5.419143825549028,5.13289213180542,5.226107120513916,5.342672953952198,bajo
2025-03-23,5.075870780630343,160.11155333333338,5.337056184762447,5.116677284240723,5.116073131561279,5.286293893278565,bajo
2025-03-24,5.2797174387188175,196.31439666666665,5.075870780630343,5.232185363769531,5.1878252029418945,5.170907547578633,bajo
2025-03-25,5.6379313947123,280.8810849999999,5.2797174387188175,5.3720197677612305,5.388185024261475,5.436229950775966,medio
2025-03-26,5.49771461970843,244.13335666666674,5.6379313947123,5.637133598327637,5.6422119140625,5.676985224652868,bajo
2025-03-27,5.7141934749624586,303.139615,5.49771461970843,5.486814498901367,5.486319541931152,5.490288427770897,medio
2025-03-28,5.592711289055945,268.4625133333333,5.7141934749624586,5.766685485839844,5.731444835662842,5.725746200960177,medio
2025-03-29,5.144225048906562,171.43857666666665,5.592711289055945,5.5315375328063965,5.55954122543335,5.568019097928618,bajo
2025-03-30,5.158338011373761,173.87523666666667,5.144225048906562,5.1183271408081055,5.102197647094727,5.298473254419996,bajo
2025-03-31,5.5366327808771745,253.82188500000007,5.158338011373761,5.207137107849121,5.240976810455322,5.38299299836004,bajo
2025-04-01,5.320480049857121,204.48202000000003,5.5366327808771745,5.534556865692139,5.442425727844238,5.515522067435985,bajo
2025-04-02,5.367415570265132,214.3082866666667,5.320480049857121,5.374413967132568,5.317632675170898,5.408177331652163,bajo
2025-04-03,5.404254021205911,222.35028999999997,5.367415570265132,5.4294281005859375,5.410788059234619,5.448232033607694,bajo
2025-04-04,5.0826142849099725,161.19491500000004,5.404254021205911,5.469227313995361,5.484159469604492,5.480037769616644,bajo
2025-04-05,4.777640573401105,118.8236633333333,5.0826142849099725,5.109309196472168,5.042394161224365,5.125633053332266,bajo
2025-04-06,4.8832416996076535,132.05806333333337,4.777640573401105,4.788023948669434,4.789609909057617,4.771012418368585,bajo
2025-04-07,5.153400027925021,173.01875999999996,4.8832416996076535,5.1407575607299805,5.254954814910889,4.988440928448239,bajo
2025-04-08,5.438573360772523,230.11366,5.153400027925021,5.219639301300049,5.168184757232666,5.3600540555266125,bajo
2025-04-09,5.309132554327716,202.17477666666665,5.438573360772523,5.464402198791504,5.44423770904541,5.44450083677801,bajo
2025-04-10,5.055409404707377,156.86874000000003,5.309132554327716,5.348072528839111,5.323720932006836,5.361457445229655,bajo
2025-04-11,4.755307465745859,116.19937499999999,5.055409404707377,5.034875869750977,4.938955307006836,5.024700630698641,bajo
2025-04-12,4.726305478030686,112.87776166666664,4.755307465745859,4.690481662750244,4.68832540512085,4.743171409589958,bajo
2025-04-13,4.70581309120021,110.58816666666667,4.726305478030686,4.655893802642822,4.674821376800537,4.7625142925716295,bajo
2025-04-14,4.723356903117107,112.54542333333337,4.70581309120021,4.851339817047119,5.010984897613525,4.845948116641986,bajo
2025-04-15,4.838972714695957,126.33949833333334,4.723356903117107,4.7056403160095215,4.858514785766602,4.7861436879906645,bajo
2025-04-16,4.828453927475199,125.01752499999998,4.838972714695957,4.804564476013184,4.897515296936035,4.853128551052705,bajo
2025-04-17,4.736600297466902,114.04582,4.828453927475199,4.73642635345459,4.844761371612549,4.859251986949359,bajo
2025-04-18,4.738416906847452,114.25318500000002,4.736600297466902,4.742614269256592,4.735263824462891,4.878961444484182,bajo
2025-04-19,4.7610019947829905,116.86296333333335,4.738416906847452,4.72472620010376,4.684527397155762,4.898261825131913,bajo
2025-04-20,4.759785929085232,116.72093666666662,4.7610019947829905,4.818649768829346,4.724695682525635,4.833292379329606,bajo
2025-04-21,4.7121242512710015,111.2883133333333,4.759785929085232,4.804505825042725,4.723886013031006,4.833157389823584,bajo
2025-04-22,4.985028908865022,146.2078016666667,4.7121242512710015,4.640596866607666,4.54554557800293,4.7691750823693795,bajo
2025-04-23,5.071845292258939,159.46832166666664,4.985028908865022,4.939270496368408,4.867988109588623,4.968396366670155,bajo
2025-04-24,5.052438822754238,156.40344000000002,5.071845292258939,4.962440490722656,4.742348670959473,4.979329382350535,bajo
2025-04-25,4.753441401302079,115.9827416666667,5.052438822754238,4.949515342712402,4.702585220336914,4.994713491296424,bajo
2025-04-26,4.708504119514855,110.88616333333334,4.753441401302079,4.736108779907227,4.668196201324463,4.755192839040602,bajo
2025-04-27,4.709961279555927,111.04785999999997,4.708504119514855,4.637763500213623,4.550793170928955,4.741433049508475,bajo
2025-04-28,4.698791622485957,109.81439499999999,4.709961279555927,4.7718305587768555,4.691162586212158,4.7824395034313065,bajo
2025-04-29,4.689830753377666,108.83475833333335,4.698791622485957,4.611791133880615,4.568667888641357,4.740136595001397,bajo
2025-04-30,4.68275586224599,108.06748166666664,4.689830753377666,4.606749057769775,4.556112289428711,4.734409920798888,bajo
2025-05-01,4.678962461886423,107.658315,4.68275586224599,4.6213459968566895,4.576954364776611,4.720369519135742,bajo
2025-05-02,4.689121046872505,108.757545,4.678962461886423,4.660594463348389,4.609942436218262,4.746609093663393,bajo
2025-05-03,4.6849685868980835,108.30686999999995,4.689121046872505,4.59569787979126,4.563355922698975,4.727386015471422,bajo
2025-05-04,4.654462604958843,105.05275,4.6849685868980835,4.6299028396606445,4.50223445892334,4.737303834993867,bajo
2025-05-05,4.680457636093661,107.81940333333331,4.654462604958843,4.730851650238037,4.737525939941406,4.733294722775851,bajo
2025-05-06,5.036792070048479,153.97528000000003,4.680457636093661,4.6803107261657715,4.633394241333008,4.709081237404873,bajo
2025-05-07,4.715526884910661,111.66763166666662,5.036792070048479,4.92610502243042,4.797878742218018,4.927941134263852,bajo
2025-05-08,4.681061503939767,107.88453166666669,4.715526884910661,4.641706943511963,4.583481311798096,4.712427141063898,bajo
2025-05-09,4.666084726558336,106.28080833333327,4.681061503939767,4.6773834228515625,4.6466064453125,4.699124279111704,bajo
2025-05-10,4.6587222640685795,105.50119333333333,4.666084726558336,4.582308292388916,4.612308502197266,4.693998541236582,bajo
2025-05-11,4.698280462931088,109.75827666666667,4.6587222640685795,4.612506866455078,4.51661491394043,4.688756679997485,bajo
2025-05-12,5.032854302423115,153.37015333333332,4.698280462931088,4.756330966949463,4.671884059906006,4.698165003469788,bajo
2025-05-13,5.20591117275841,182.3469466666667,5.032854302423115,5.00194787979126,4.837082386016846,4.990333491802768,bajo
2025-05-14,5.104883576954202,164.82487999999995,5.20591117275841,5.2045578956604,5.286787986755371,5.381990171234358,bajo
2025-05-15,4.814090694334673,123.23470333333329,5.104883576954202,5.156113147735596,5.142694473266602,5.106307945410495,bajo
2025-05-16,4.708873409094962,110.92711999999996,4.814090694334673,4.8411102294921875,4.810767650604248,4.785426983395288,bajo
2025-05-17,4.72614182154123,112.85928999999997,4.708873409094962,4.763412952423096,4.758207321166992,4.71565732939183,bajo
2025-05-18,4.6758781369960944,107.32677333333332,4.72614182154123,4.6595258712768555,4.575059413909912,4.755853545873018,bajo
2025-05-19,4.819203148300564,123.8663483333333,4.6758781369960944,4.8328471183776855,4.769927501678467,4.732729671620702,bajo
2025-05-20,5.13708791903639,170.21935333333334,4.819203148300564,4.772057056427002,4.812850475311279,4.717444507409717,bajo
2025-05-21,5.134260902708718,169.73881999999998,5.13708791903639,5.031378269195557,4.972079753875732,5.133732427057761,bajo
2025-05-22,5.052917352870417,156.47830166666665,5.134260902708718,4.987372398376465,4.987645149230957,5.1156026584579575,bajo
2025-05-23,5.161895801395636,174.49495000000002,5.052917352870417,4.974338054656982,4.913271427154541,4.888613790837887,bajo
2025-05-24,4.700057533987405,109.95349833333336,5.161895801395636,5.118496894836426,5.199873924255371,5.26662219636367,bajo
2025-05-25,4.695126620646101,109.41266166666666,4.700057533987405,4.6835784912109375,4.7193708419799805,4.715557777689193,bajo
2025-05-26,4.70637538024364,110.65036666666667,4.695126620646101,4.908863067626953,4.929546356201172,4.779312126996808,bajo
2025-05-27,4.811805354021183,122.95339166666666,4.70637538024364,4.74469518661499,4.780227184295654,4.740809702306615,bajo
2025-05-28,4.802857977922813,121.85818833333336,4.811805354021183,4.850700855255127,4.820788860321045,4.772873578091983,bajo
2025-05-29,5.031192092271763,153.11543166666667,4.802857977922813,4.809642791748047,4.785245418548584,4.773134732305812,bajo
2025-05-30,4.696945154593512,109.61181333333333,5.031192092271763,5.011271953582764,4.940712928771973,4.98719553665174,bajo
2025-05-31,4.680060179664211,107.77655833333331,4.696945154593512,4.7004475593566895,4.7025628089904785,4.739234741901674,bajo
2025-06-01,4.682611929469567,108.05192833333336,4.680060179664211,4.678775310516357,4.702352046966553,4.760815492636652,bajo
2025-06-02,4.689679028693705,108.8182466666667,4.682611929469567,4.8014936447143555,4.8115997314453125,4.779154485595135,bajo
2025-06-03,4.6884467974150965,108.68424,4.689679028693705,4.757052421569824,4.810252666473389,4.757956134466525,bajo
2025-06-04,4.675755264795515,107.3135866666667,4.6884467974150965,4.716981887817383,4.7576494216918945,4.732147224992439,bajo
2025-06-05,4.724569588693215,112.68198833333334,4.675755264795515,4.653098106384277,4.7011027336120605,4.736308878942394,bajo
2025-06-06,4.6761304497778955,107.35385666666667,4.724569588693215,4.655253887176514,4.656172275543213,4.773133326627945,bajo
2025-06-07,4.661535002605642,105.79835833333335,4.6761304497778955,4.562668800354004,4.644704818725586,4.731913560477829,bajo
2025-06-08,4.692169960132631,109.08964333333334,4.661535002605642,4.557558536529541,4.6453704833984375,4.718425609208987,bajo
2025-06-09,4.751376478283376,115.74349333333332,4.692169960132631,4.656468391418457,4.76339054107666,4.748611267290448,bajo
2025-06-10,4.691097667441796,108.97273000000001,4.751376478283376,4.769496440887451,4.733947277069092,4.745215443808048,bajo
2025-06-11,4.68471400000411,108.27929999999998,4.691097667441796,4.643693923950195,4.705639362335205,4.7165625348116595,bajo
2025-06-12,4.713479509634943,111.43923999999994,4.68471400000411,4.60086727142334,4.666295528411865,4.711905170812905,bajo
2025-06-13,4.694724163937693,109.36863666666665,4.713479509634943,4.615390300750732,4.615035057067871,4.747846662782892,bajo
2025-06-14,4.72206461954714,112.40007666666669,4.694724163937693,4.632984161376953,4.728781700134277,4.718820314235729,bajo
2025-06-15,4.7244690499737745,112.67065999999996,4.72206461954714,4.601415157318115,4.628795623779297,4.752798478956866,bajo
2025-06-16,4.711174644270356,111.18268333333334,4.7244690499737745,4.617746353149414,4.608711242675781,4.76616683157034,bajo
2025-06-17,4.660086499309242,105.64521999999994,4.711174644270356,4.653886795043945,4.669365406036377,4.736690828188943,bajo
2025-06-18,4.659452589368194,105.57827166666665,4.660086499309242,4.616518497467041,4.6422224044799805,4.727021286350946,bajo
2025-06-19,4.681031826708696,107.88133,4.659452589368194,4.6530914306640625,4.696465969085693,4.682017757893858,bajo
2025-06-20,4.6646356421138435,106.12691000000001,4.681031826708696,4.684847354888916,4.6744794845581055,4.680291297412513,bajo
2025-06-21,4.662454458574162,105.89567999999998,4.6646356421138435,4.665393352508545,4.663486003875732,4.680536505583992,bajo
2025-06-22,4.666040895169606,106.27614999999999,4.662454458574162,4.650819301605225,4.645152568817139,4.69430439454671,bajo
2025-06-23,4.699979937568794,109.94496666666667,4.666040895169606,4.8032989501953125,4.8877081871032715,4.725806283797432,bajo
2025-06-24,4.785247406698454,119.73098166666664,4.699979937568794,4.780116558074951,4.731056213378906,4.72154384730259,bajo
2025-06-25,5.018032147577189,151.11364166666664,4.785247406698454,4.807560920715332,4.758975028991699,4.756691669721008,bajo
2025-06-26,5.04050099638048,154.54742333333337,5.018032147577189,4.919745922088623,4.8999247550964355,4.932828100688903,bajo
2025-06-27,4.842988060827959,126.84781499999998,5.04050099638048,5.060208320617676,4.996932506561279,4.952633618034873,bajo
2025-06-28,4.670326360088793,106.73257,4.842988060827959,4.85027551651001,4.883969306945801,4.822776830870477,bajo
2025-06-29,4.646519337536661,104.22159333333333,4.670326360088793,4.650609016418457,4.671478748321533,4.6881265206316565,bajo
2025-06-30,4.6716698765251685,106.87606333333332,4.646519337536661,4.709887981414795,4.745265960693359,4.7006848269309955,bajo
2025-07-01,4.663350882674383,105.99065000000003,4.6716698765251685,4.827464580535889,4.8721842765808105,4.718443463771835,bajo
2025-07-02,4.857037783464925,128.64257,4.663350882674383,4.731894016265869,4.78544282913208,4.675600197925992,bajo
2025-07-03,4.745547924229298,115.07083833333337,4.857037783464925,4.827794075012207,4.916132926940918,4.866320842116129,bajo
2025-07-04,4.74172752082822,114.63205999999997,4.745547924229298,4.747282028198242,4.6998982429504395,4.706991663145562,bajo
2025-07-05,4.694162754676292,109.30725333333335,4.74172752082822,4.75689172744751,4.760523796081543,4.720996279374976,bajo
2025-07-06,4.690429417756297,108.89993333333335,4.694162754676292,4.6647257804870605,4.760507106781006,4.707022163100812,bajo
2025-07-07,4.884090422921245,132.17019166666668,4.690429417756297,4.697883605957031,4.735621452331543,4.728356984799937,bajo
2025-07-08,5.022398611957982,151.77491666666663,4.884090422921245,4.87822961807251,4.908879280090332,4.892757546040261,bajo
2025-07-09,5.203077968405298,181.83105166666664,5.022398611957982,5.049804210662842,4.96683406829834,4.9512509063722385,bajo
2025-07-10,5.130539495772461,169.1083266666666,5.203077968405298,5.1995849609375,5.335513114929199,5.183123345108452,bajo
2025-07-11,4.95228431060419,141.49782000000008,5.130539495772461,5.111023902893066,5.058908939361572,5.149985091251316,bajo
2025-07-12,4.812211035233309,123.00328166666667,4.95228431060419,4.990791320800781,4.986211776733398,4.881347247942348,bajo
2025-07-13,4.781582651774678,119.29299999999996,4.812211035233309,4.760934352874756,4.806449890136719,4.81932370077005,bajo
2025-07-14,4.7023848238875905,110.20969000000001,4.781582651774678,4.86020040512085,4.869581699371338,4.823212503194825,bajo
2025-07-15,4.875242093191327,131.005865,4.7023848238875905,4.759457588195801,4.787209987640381,4.707452786565713,bajo
2025-07-16,4.870882787232138,130.43601333333334,4.875242093191327,4.857921123504639,4.951430320739746,4.873409064133423,bajo
2025-07-17,4.794740655812312,120.87302999999999,4.870882787232138,4.82843017578125,4.875844478607178,4.870611147296144,bajo
2025-07-18,4.958821443190036,142.42584,4.794740655812312,4.798655033111572,4.748591899871826,4.807213987258613,bajo
2025-07-19,4.700622598101164,110.01564666666665,4.958821443190036,4.935944557189941,4.90800142288208,4.927134265650599,bajo
2025-07-20,4.704940676528074,110.49173000000003,4.700622598101164,4.672091960906982,4.7222089767456055,4.728291854087553,bajo
2025-07-21,4.853103073670062,128.13739333333336,4.704940676528074,4.782805919647217,4.837754726409912,4.758515344617812,bajo
2025-07-22,5.084078787596419,161.43115833333334,4.853103073670062,4.870251655578613,4.934910774230957,4.863871814519896,bajo
2025-07-23,5.123097026327066,167.85441500000005,5.084078787596419,5.122167587280273,5.023126602172852,5.003862138859263,bajo
2025-07-24,5.1149024122127935,166.48453333333336,5.123097026327066,5.094468593597412,5.078789710998535,5.062141630257652,bajo
2025-07-25,4.864474067127899,129.60275833333336,5.1149024122127935,5.090005874633789,5.040859222412109,5.030647613192474,bajo
2025-07-26,4.806954878906421,122.35845333333334,4.864474067127899,4.878551483154297,4.952732563018799,4.850635199387107,bajo
2025-07-27,4.688580539847337,108.69877666666666,4.806954878906421,4.825351238250732,4.901784896850586,4.833506029015525,bajo
2025-07-28,5.002837917861053,148.8349416666667,4.688580539847337,4.850213527679443,4.8689727783203125,4.790168851674654,bajo
2025-07-29,4.883950101560382,132.15164666666666,5.002837917861053,5.022341728210449,4.989467620849609,4.941079891506134,bajo
2025-07-30,5.196547895364954,180.64755,4.883950101560382,4.876411437988281,4.879952907562256,4.817953106842128,bajo
2025-07-31,5.193208060075281,180.04522333333333,5.196547895364954,5.154519557952881,5.1808881759643555,5.15213366325972,bajo
2025-08-01,5.209717728939996,183.04238333333333,5.193208060075281,5.157829284667969,5.260725498199463,5.145972371793481,bajo
2025-08-02,4.869356328289366,130.23705999999996,5.209717728939996,5.211758613586426,5.31722354888916,5.162311600822017,bajo
2025-08-03,4.724223925069914,112.64304499999999,4.869356328289366,4.8553385734558105,4.932786464691162,4.847745574840503,bajo
2025-08-04,5.065728725474879,158.49589999999998,4.724223925069914,4.900893688201904,4.882453918457031,4.793647417910081,bajo
2025-08-05,5.354406699865738,211.53843333333336,5.065728725474879,5.085703372955322,5.015989780426025,5.012571983871534,bajo
2025-08-06,5.30044504310475,200.42598833333338,5.354406699865738,5.383860111236572,5.492259979248047,5.430656747545161,bajo
2025-08-07,5.041032568885397,154.62959833333335,5.30044504310475,5.340951442718506,5.487400531768799,5.409550241528772,bajo
2025-08-08,5.115748919279136,166.6255233333333,5.041032568885397,5.101184844970703,5.043217658996582,5.010404061594987,bajo
2025-08-09,4.738343135212786,114.24475666666666,5.115748919279136,5.093976974487305,5.090301513671875,5.053613734530111,bajo
2025-08-10,4.796140470591744,121.04234833333335,4.738343135212786,4.781459331512451,4.801141262054443,4.758580595488243,bajo
2025-08-11,5.165964793128771,175.206415,4.796140470591744,4.995945930480957,4.9567694664001465,4.868173690498687,bajo
2025-08-12,5.3062279369855005,201.58838833333334,5.165964793128771,5.238345146179199,5.310702800750732,5.239543996231971,bajo
2025-08-13,5.401353172160144,221.70621999999995,5.3062279369855005,5.336042404174805,5.387004852294922,5.388126473354096,bajo
2025-08-14,5.793738452328605,328.23783499999996,5.401353172160144,5.417543411254883,5.520929336547852,5.419060843339802,medio
2025-08-15,5.396121192207322,220.54928666666672,5.793738452328605,5.827313423156738,5.883480548858643,5.755684378619482,bajo
2025-08-16,5.370263027591192,214.91939,5.396121192207322,5.472626209259033,5.629122734069824,5.456543660227118,bajo
2025-08-17,5.446106238635706,231.8536233333334,5.370263027591192,5.371992111206055,5.464990139007568,5.436383459999759,bajo
2025-08-18,5.572727429224469,263.1508466666667,5.446106238635706,5.686238765716553,5.79517126083374,5.6066667256354545,bajo
2025-08-19,5.776342322098892,322.5771466666667,5.572727429224469,5.670464038848877,5.711097717285156,5.578652618042703,medio
2025-08-20,5.705517629515053,300.5209983333334,5.776342322098892,5.796875,5.81002950668335,5.739319879312758,medio
2025-08-21,5.714924042899009,303.36116000000015,5.705517629515053,5.748286724090576,5.7324299812316895,5.72781828727841,medio
2025-08-22,5.637888831310693,280.86913,5.714924042899009,5.783472061157227,5.723477840423584,5.724392456159849,medio
2025-08-23,5.428579151074779,227.82531000000006,5.637888831310693,5.663538932800293,5.668662071228027,5.701403601731667,bajo
2025-08-24,5.466230986832805,236.56688666666662,5.428579151074779,5.389017581939697,5.401290416717529,5.467475274729153,bajo
2025-08-25,5.695751031005266,297.60021666666665,5.466230986832805,5.5375542640686035,5.60422945022583,5.509810049369849,medio
2025-08-26,5.791536608603944,327.5159016666667,5.695751031005266,5.822379112243652,5.773406505584717,5.680268110480576,medio
2025-08-27,5.772587801891162,321.368295,5.791536608603944,5.7897772789001465,5.754820346832275,5.741552731047551,medio
2025-08-28,6.115187407028629,452.68087500000007,5.772587801891162,5.7945637702941895,5.732010841369629,5.737252929540265,medio
2025-08-29,5.984213744289681,397.1101683333332,6.115187407028629,6.108948707580566,6.107150077819824,6.109628620344042,medio
2025-08-30,5.813677483940738,334.84826333333325,5.984213744289681,6.0207929611206055,6.038473606109619,6.0941225894652815,medio
2025-08-31,5.598891009470828,270.12667333333326,5.813677483940738,5.746922016143799,5.69635009765625,5.764589895828994,medio
2025-09-01,5.875941661636834,356.3600733333333,5.598891009470828,5.772504806518555,5.851712226867676,5.630355069255265,medio
2025-09-02,5.60414783729374,271.5504216666667,5.875941661636834,5.93920373916626,5.946662425994873,6.02368902871381,medio
2025-09-03,5.514513721882033,248.26922000000005,5.60414783729374,5.599000930786133,5.6803202629089355,5.58180352859565,bajo
2025-09-04,5.489096219105657,242.03835833333332,5.514513721882033,5.5563178062438965,5.517364025115967,5.511516723960946,bajo
2025-09-05,5.443067758934795,231.15021000000002,5.489096219105657,5.561286449432373,5.545119285583496,5.504305331541957,bajo
2025-09-06,4.8685800062356925,130.13599333333337,5.443067758934795,5.469343662261963,5.463484764099121,5.426058636620271,bajo
2025-09-07,4.6586376958884985,105.49227166666664,4.8685800062356925,4.957518100738525,5.05490779876709,4.925057434109581,bajo
2025-09-08,5.39547594307473,220.40702333333334,4.6586376958884985,5.072795867919922,5.150416374206543,4.882660910667024,bajo
2025-09-09,5.473103694960217,238.19834166666666,5.39547594307473,5.441537857055664,5.459456443786621,5.368208262354881,bajo
2025-09-10,5.486427056400214,241.39318000000003,5.473103694960217,5.533548831939697,5.5982666015625,5.479254786199971,bajo
2025-09-11,5.736522629579095,309.98460333333327,5.486427056400214,5.5576395988464355,5.5460896492004395,5.522099395641917,medio
2025-09-12,5.6570810483875,286.31169166666666,5.736522629579095,5.808271884918213,5.777501583099365,5.710465501544424,medio
2025-09-13,5.392078650462506,219.6595066666666,5.6570810483875,5.729733943939209,5.757326126098633,5.707952094493438,bajo
2025-09-14,5.289931620926148,198.32986333333335,5.392078650462506,5.472341537475586,5.58333683013916,5.460331867990818,bajo
2025-09-15,5.813727639729671,334.86505833333337,5.289931620926148,5.581114768981934,5.595821857452393,5.472453966141078,medio
2025-09-16,5.915798949023057,370.85047499999996,5.813727639729671,5.8702239990234375,5.796868801116943,5.769025433668586,medio
2025-09-17,5.8785341138214475,357.2851183333333,5.915798949023057,6.003531455993652,6.033046722412109,6.023267570985741,medio
2025-09-18,5.725637216058086,306.6285916666665,5.8785341138214475,5.964440822601318,6.01805305480957,5.990177306594727,medio
2025-09-19,5.7235571331516715,305.99144166666656,5.725637216058086,5.789422512054443,5.7584943771362305,5.742217481642649,medio
2025-09-20,5.608144174359569,272.63780000000014,5.7235571331516715,5.735816478729248,5.694828987121582,5.732228182107182,medio
2025-09-21,5.528998055477023,251.89140333333333,5.608144174359569,5.543447971343994,5.600469589233398,5.577203051992417,bajo
2025-09-22,5.8715363105901766,354.79363499999994,5.528998055477023,5.700000762939453,5.689357757568359,5.609377337635015,medio
2025-09-23,5.850255081952044,347.322965,5.8715363105901766,5.936286926269531,6.020894527435303,5.943498535437681,medio
2025-09-24,6.0511802618758725,424.6138899999999,5.850255081952044,5.9120588302612305,5.99845552444458,5.955077120422569,medio
2025-09-25,6.2131380951632975,499.26553833333327,6.0511802618758725,6.098350524902344,6.149450778961182,6.105026738207277,medio
2025-09-26,6.1704140638487655,478.3841466666666,6.2131380951632975,6.280908107757568,6.2772746086120605,6.289255523448119,medio
2025-09-27,5.687922783095535,295.2796233333333,6.1704140638487655,6.242233753204346,6.315178394317627,6.211468723062407,medio
2025-09-28,5.750489836377084,314.34460000000007,5.687922783095535,5.757884502410889,5.810044288635254,5.718706585774753,medio
2025-09-29,5.790071377761452,327.0363666666667,5.750489836377084,5.957392692565918,5.945583820343018,5.854611833731741,medio
2025-09-30,5.605178465034397,271.83043333333336,5.790071377761452,5.86739444732666,5.832501411437988,5.768682950292755,medio
2025-10-01,5.733193115976396,308.9542216666667,5.605178465034397,5.650406360626221,5.7750701904296875,5.628575669386797,medio
2025-10-02,5.701542885313816,299.32887500000004,5.733193115976396,5.810157299041748,5.867621898651123,5.7272881851914725,medio
2025-10-03,5.708349972184444,301.37338333333327,5.701542885313816,5.758925437927246,5.785487651824951,5.742197403873301,medio
2025-10-04,5.406225958101409,222.78918333333328,5.708349972184444,5.739718914031982,5.735754013061523,5.720027256432145,bajo
2025-10-05,5.343859937594116,209.3191116666666,5.406225958101409,5.401251316070557,5.468519687652588,5.406818232201561,bajo
2025-10-06,5.429979572706474,228.14458499999998,5.343859937594116,5.5863189697265625,5.590564250946045,5.5905772697604865,bajo
2025-10-07,5.572807988137181,263.1720466666666,5.429979572706474,5.49999475479126,5.529472351074219,5.429136573155829,bajo
2025-10-08,5.461227937677548,235.38628666666668,5.572807988137181,5.615215301513672,5.616398811340332,5.609073153875277,bajo
2025-10-09,5.456206492526406,234.2072699999999,5.461227937677548,5.5080671310424805,5.58891487121582,5.439331587805911,bajo
2025-10-10,5.173967116995534,176.61409833333332,5.456206492526406,5.513978481292725,5.640425205230713,5.436093741186935,bajo
2025-10-11,4.861349323471394,129.19841500000004,5.173967116995534,5.256489276885986,5.372620582580566,5.210441195636937,bajo
2025-10-12,4.684864525296106,108.29559999999998,4.861349323471394,4.936793327331543,5.114073753356934,4.913382444951347,bajo
2025-10-13,4.697144352938662,109.63364999999997,4.684864525296106,5.073391914367676,5.200730800628662,4.977104871260836,bajo
2025-10-14,4.985153518254017,146.2260216666667,4.697144352938662,4.998023509979248,5.098525047302246,4.963976207119682,bajo
2025-10-15,5.203857994703951,181.97294,4.985153518254017,5.026780128479004,5.088072299957275,5.048853993330737,bajo
2025-10-16,5.1650775409375305,175.05103166666672,5.203857994703951,5.281022548675537,5.423161029815674,5.291887716162011,bajo
2025-10-17,5.064322643224244,158.27319833333334,5.1650775409375305,5.206727981567383,5.1341233253479,5.1527043625477065,bajo
2025-10-18,5.06470489431107,158.33371000000002,5.064322643224244,5.094711780548096,5.043614387512207,5.107389639365377,bajo
2025-10-19,4.799116935397394,121.4031633333333,5.06470489431107,5.038707733154297,4.97664213180542,5.096217821960721,bajo
2025-10-20,4.98163319175745,145.71216333333334,4.799116935397394,4.991676330566406,4.9451093673706055,4.947520134554087,bajo
2025-10-21,5.185639085682201,178.68761000000003,4.98163319175745,5.168189525604248,5.104629039764404,5.0703800330905775,bajo
2025-10-22,4.808561853518648,122.55523833333336,5.185639085682201,5.153117656707764,5.110210418701172,5.217166202452371,bajo
2025-10-23,4.924565049859808,137.62946666666667,4.808561853518648,4.8601484298706055,4.881843566894531,4.864817374665783,bajo
2025-10-24,4.830191932389131,125.23499499999997,4.924565049859808,4.965870380401611,4.912956237792969,4.961513915150664,bajo
2025-10-25,4.736147409080316,113.99418166666668,4.830191932389131,4.810609340667725,4.726880073547363,4.807998293008572,bajo
2025-10-26,4.632639200966535,102.78497666666664,4.736147409080316,4.683300971984863,4.612341403961182,4.77870287173617,bajo
2025-10-27,4.653194072514803,104.91957166666667,4.632639200966535,4.739718437194824,4.8149027824401855,4.679791128821387,bajo
2025-10-28,5.133520599649265,169.61320833333335,4.653194072514803,4.728654384613037,4.7238335609436035,4.782394227619573,bajo
2025-10-29,4.767360858282032,117.60844666666668,5.133520599649265,5.149294853210449,5.038331031799316,5.093516442020708,bajo
2025-10-30,4.67510811965196,107.2441616666667,4.767360858282032,4.8592705726623535,4.901238441467285,4.8080498681171475,bajo
2025-10-31,4.648158584160438,104.39257833333333,4.67510811965196,4.818161487579346,4.912350654602051,4.825883665532324,bajo
2025-11-01,5.056081248285121,156.97416666666663,4.648158584160438,4.736894130706787,4.752503395080566,4.765727957204818,bajo
2025-11-02,4.635468843918743,103.07623333333332,5.056081248285121,5.041149616241455,5.00497579574585,5.097348683239682,bajo
2025-11-03,4.639352732070035,103.47734833333334,4.635468843918743,4.946711540222168,5.07525634765625,4.691177270869238,bajo
2025-11-04,5.173225725482154,176.4832066666667,4.639352732070035,4.858190059661865,4.895971298217773,4.819190787600985,bajo
2025-11-05,5.2533830216439865,191.21204999999998,5.173225725482154,5.163873672485352,5.144800186157227,5.168079811702028,bajo
2025-11-06,5.090795738428303,162.51913333333331,5.2533830216439865,5.225980281829834,5.32191276550293,5.332223256943896,bajo
2025-11-07,5.419679648313194,225.80677333333335,5.090795738428303,5.061853885650635,4.972833633422852,5.031758666466566,bajo
2025-11-08,5.05263033899048,156.4333966666667,5.419679648313194,5.405695915222168,5.4024338722229,5.461231826462458,bajo
2025-11-09,4.986012241864284,146.3516433333333,5.05263033899048,5.113640308380127,5.146145820617676,5.079755016246809,bajo
2025-11-10,5.460315729741348,235.1716633333333,4.986012241864284,5.136924743652344,5.134468078613281,5.053081536321762,bajo
2025-11-11,5.6649749774507825,288.58076,5.460315729741348,5.469867706298828,5.4463582038879395,5.518057526661525,medio
2025-11-12,5.71944744689793,304.73649333333327,5.6649749774507825,5.722713470458984,5.70021390914917,5.6527871730738095,medio
2025-11-13,5.692146775033291,296.52952,5.71944744689793,5.705293655395508,5.682130336761475,5.683833693322279,medio
2025-11-14,5.686480736860629,294.85412333333323,5.692146775033291,5.638874530792236,5.61336088180542,5.647011939394959,medio
2025-11-15,5.495243204229602,243.5307466666667,5.686480736860629,5.5717902183532715,5.543359279632568,5.624555970051184,bajo
2025-11-16,5.193278632446305,180.05792999999997,5.495243204229602,5.459792137145996,5.451724529266357,5.459221847493013,bajo
2025-11-17,5.23655803765329,188.0218233333333,5.193278632446305,5.294235706329346,5.294893741607666,5.198443780138037,bajo
2025-11-18,5.433331672654331,228.91063166666672,5.23655803765329,5.295473575592041,5.347415924072266,5.176447832017547,bajo
2025-11-19,5.83593516313813,342.38477000000006,5.433331672654331,5.480931758880615,5.5298051834106445,5.398239744799113,medio
2025-11-20,5.394894205921524,220.2788416666667,5.83593516313813,5.85845422744751,5.823057174682617,5.750665846028823,bajo
2025-11-21,5.599896661213805,270.3984633333334,5.394894205921524,5.421720504760742,5.511877536773682,5.378396896406557,medio
2025-11-22,5.298370365143586,200.01059999999998,5.599896661213805,5.577171802520752,5.6852288246154785,5.5785908756978335,bajo
2025-11-23,5.238693964177426,188.4238533333333,5.298370365143586,5.2631731033325195,5.2838287353515625,5.3217334754818,bajo
2025-11-24,5.4420390096750495,230.91253666666668,5.238693964177426,5.446791648864746,5.445919990539551,5.272550555368298,bajo
2025-11-25,5.270893992988186,194.58984666666666,5.4420390096750495,5.520224571228027,5.5074310302734375,5.559474497036564,bajo
2025-11-26,5.518520291789687,249.26592333333338,5.270893992988186,5.289929389953613,5.379302501678467,5.342276375002443,bajo
2025-11-27,5.421264187627112,226.16485666666665,5.518520291789687,5.423430442810059,5.446995735168457,5.533826306142023,bajo
2025-11-28,5.556312677946893,258.86654999999996,5.421264187627112,5.275609970092773,5.343102931976318,5.408248615995074,bajo
2025-11-29,5.5103481996986305,247.2371999999999,5.556312677946893,5.432179927825928,5.453126430511475,5.573649939849467,bajo
2025-11-30,5.555749062801122,258.72069000000005,5.5103481996986305,5.339696407318115,5.313393592834473,5.523909318326941,bajo
2025-12-01,5.68030417032837,293.03855000000016,5.555749062801122,5.533987998962402,5.550360679626465,5.634206336021197,medio
2025-12-02,5.538401125544068,254.27112666666673,5.68030417032837,5.50114107131958,5.590919017791748,5.630185856394879,bajo
2025-12-03,5.440902363829518,230.65022,5.538401125544068,5.476139545440674,5.423280715942383,5.519679475071196,bajo
2025-12-04,5.451359560803536,233.07483000000002,5.440902363829518,5.325074672698975,5.349172115325928,5.406610067597026,bajo
2025-12-05,5.240365002318756,188.73898000000005,5.451359560803536,5.2600507736206055,5.357706546783447,5.388978243909326,bajo
2025-12-06,5.105159488327154,164.87036333333336,5.240365002318756,5.085806369781494,5.192219257354736,5.176862562707775,bajo
2025-12-07,5.102127011023459,164.37115499999996,5.105159488327154,4.98111629486084,4.96278190612793,4.9716583261722125,bajo
2025-12-08,4.917786744215591,136.69972666666666,5.102127011023459,5.260444641113281,5.097878932952881,5.097211990078652,bajo
2025-12-09,5.3933555699762,219.9401733333333,4.917786744215591,5.1732258796691895,5.047286510467529,5.011812888561178,bajo
2025-12-10,5.306479697240918,201.63914666666668,5.3933555699762,5.358924865722656,5.392617225646973,5.439745109950178,bajo
2025-12-11,5.4609913340268035,235.33060000000012,5.306479697240918,5.265459060668945,5.322369575500488,5.380101774670765,bajo
2025-12-12,5.530877720275811,252.3653199999999,5.4609913340268035,5.339376449584961,5.357330322265625,5.484334344947573,bajo
2025-12-13,5.507943379549909,246.64335333333347,5.530877720275811,5.468714714050293,5.461658477783203,5.5261226302971185,bajo
2025-12-14,5.466379179180206,236.60194666666675,5.507943379549909,5.482789039611816,5.389352798461914,5.495961696210053,bajo
2025-12-15,5.684792025454085,294.3566200000001,5.466379179180206,5.497891426086426,5.566308498382568,5.594973221218058,medio
2025-12-16,5.785160372617621,325.4342266666668,5.684792025454085,5.640988349914551,5.611030101776123,5.620430448284209,medio
2025-12-17,5.848162563047622,346.59694499999983,5.785160372617621,5.673867702484131,5.626945972442627,5.648558226727922,medio
2025-12-18,5.938694917860183,379.4394066666666,5.848162563047622,5.733267784118652,5.701671123504639,5.871123637570568,medio
2025-12-19,5.95366759925303,385.1633766666668,5.938694917860183,5.818296432495117,5.74941873550415,5.921873331832928,medio
2025-12-20,5.975417521204092,393.63241666666664,5.95366759925303,5.810182571411133,5.751165390014648,5.920581649513094,medio
2025-12-21,5.996120391822675,401.86667999999986,5.975417521204092,5.883824348449707,5.97057580947876,5.979885229905843,medio
2025-12-22,6.0829904011331735,438.3380433333332,5.996120391822675,6.081332683563232,5.972100257873535,6.105462998973165,medio
2025-12-23,6.076984764260077,435.7134333333333,6.0829904011331735,5.972418308258057,5.888729572296143,6.07981453641045,medio
2025-12-24,5.603823971449868,271.46248999999995,6.076984764260077,5.933901309967041,5.894160270690918,6.086101891946305,medio
2025-12-25,5.319746970253618,204.33217333333326,5.603823971449868,5.576969623565674,5.527779579162598,5.608529087717006,bajo
2025-12-26,5.52928266806246,251.96310499999993,5.319746970253618,5.60180139541626,5.597387313842773,5.521399003402982,bajo
2025-12-27,5.567979163495573,261.9042983333333,5.52928266806246,5.521107196807861,5.4108171463012695,5.55841009302548,bajo
2025-12-28,5.665522773360843,288.7388866666666,5.567979163495573,5.5842790603637695,5.445637226104736,5.580502487583823,medio
2025-12-29,5.7737226306608,321.73320000000007,5.665522773360843,5.832340240478516,5.722700119018555,5.746180895597451,medio
2025-12-30,5.70255297468634,299.63137666666677,5.7737226306608,5.752483367919922,5.697697162628174,5.647708766771326,medio
2025-12-31,5.613542758850677,274.1136383333334,5.70255297468634,5.6988654136657715,5.6132683753967285,5.634764199024015,medio
