fecha,real_log,real_nivel,real_dlog,pred_log_ingenuo,pred_dlog_exp,pred_log_exp,pred_dlog_des,pred_log_des,regimen
2023-01-01,6.214327385692727,499.8596633333334,-0.04542802117825939,6.259755406870986,0.04629749432206154,6.3060529011930475,0.031959280371665955,6.291714687242652,medio
2023-01-02,6.236192196779618,510.9093599999998,0.021864811086891756,6.214327385692727,0.0567551888525486,6.271082574545275,0.05197868496179581,6.266306070654522,medio
2023-01-03,6.274938107432771,531.0935100000002,0.03874591065315247,6.236192196779618,0.03258070722222328,6.268772904001842,0.03961800038814545,6.275810197167764,medio
2023-01-04,6.322004639971895,556.6878333333333,0.04706653253912396,6.274938107432771,0.02405860461294651,6.298996712045717,0.036737050861120224,6.311675158293891,medio
2023-01-05,6.329673405880049,560.9733533333335,0.007668765908154462,6.322004639971895,-0.009243455715477467,6.312761184256417,0.0008103798027150333,6.32281501977461,medio
2023-01-06,6.266683580654389,526.7276283333335,-0.06298982522566021,6.329673405880049,0.006458770018070936,6.33613217589812,0.00808045081794262,6.337753856697992,medio
2023-01-07,6.2210993644939325,503.2561899999999,-0.04558421616045649,6.266683580654389,-0.027685292065143585,6.238998288589245,-0.01551868487149477,6.251164895782894,medio
2023-01-08,6.030399414122686,415.881105,-0.1906999503712461,6.2210993644939325,-0.026754232123494148,6.194345132370438,-0.008623961359262466,6.21247540313467,medio
2023-01-09,6.070014988059017,432.68716666666666,0.03961557393633086,6.030399414122686,0.08516278862953186,6.115562202752218,0.0927739217877388,6.123173335910425,medio
2023-01-10,5.9455377919672125,382.0447666666666,-0.12447719609180474,6.070014988059017,0.04929928854107857,6.119314276600096,0.04603377357125282,6.11604876163027,medio
2023-01-11,6.084404389578046,438.9582866666669,0.13886659761083386,5.9455377919672125,0.0004991247551515698,5.946036916722364,0.03650942072272301,5.9820472126899356,medio
2023-01-12,5.743182963315564,312.0560949999999,-0.3412214262624822,6.084404389578046,-0.06972284615039825,6.014681543427648,-0.01781737245619297,6.066587017121853,medio
2023-01-13,5.547580946981099,256.6160366666666,-0.1956020163344654,5.743182963315564,0.04027233645319939,5.783455299768764,0.03330171853303909,5.776484681848603,bajo
2023-01-14,5.521836167447313,250.09383,-0.02574477953378551,5.547580946981099,-0.007901971228420734,5.539678975752678,0.016461627557873726,5.5640425745389726,bajo
2023-01-15,5.361790570436638,213.10618666666662,-0.1600455970106749,5.521836167447313,-0.02302260883152485,5.4988135586157885,-0.017514962702989578,5.504321204744324,bajo
2023-01-16,5.322370473885498,204.8689433333333,-0.039420096551140205,5.361790570436638,0.13580045104026794,5.497591021476906,0.13956426084041595,5.501354831277054,bajo
2023-01-17,5.376245062236653,216.20889833333334,0.053874588351154884,5.322370473885498,0.038065556436777115,5.360436030322275,0.042514458298683167,5.364884932184181,bajo
2023-01-18,5.523833540964683,250.59386000000015,0.1475884787280295,5.376245062236653,0.01795143447816372,5.394196496714817,0.04177522286772728,5.41802028510438,bajo
2023-01-19,5.463124584665252,235.83315500000012,-0.06070895629943074,5.523833540964683,-0.029725028201937675,5.494108512762745,-0.048479508608579636,5.475354032356103,bajo
2023-01-20,5.495080466840303,243.49111833333328,0.03195588217505119,5.463124584665252,-0.005615662317723036,5.457508922347529,-0.0037931869737803936,5.4593313976914715,bajo
2023-01-21,5.313361533445036,203.03157999999993,-0.1817189333952669,5.495080466840303,-0.008297781459987164,5.486782685380316,-0.014369126409292221,5.480711340431011,bajo
2023-01-22,5.273025771895388,195.00511166666664,-0.04033576154964802,5.313361533445036,0.0037797228433191776,5.317141256288355,0.012875266373157501,5.326236799818194,bajo
2023-01-23,5.4970991518694365,243.9831466666667,0.22407337997404841,5.273025771895388,0.08223463594913483,5.355260407844523,0.04861496388912201,5.32164073578451,bajo
2023-01-24,5.525441909854494,250.99723166666658,0.028342757985057254,5.4970991518694365,0.013483812101185322,5.510582963970622,-0.004564526490867138,5.492534625378569,bajo
2023-01-25,5.627545157568633,277.97888499999993,0.10210324771413948,5.525441909854494,0.023648390546441078,5.549090300400935,0.021763328462839127,5.547205238317333,medio
2023-01-26,5.855080742602878,349.0030783333334,0.22753558503424465,5.627545157568633,0.028866590932011604,5.656411748500645,0.009875429794192314,5.637420587362826,medio
2023-01-27,5.92975763983187,376.06336000000005,0.07467689722899173,5.855080742602878,0.035697102546691895,5.89077784514957,0.011839780025184155,5.866920522628062,medio
2023-01-28,5.982570848488973,396.45829333333353,0.052813208657103594,5.92975763983187,0.024172864854335785,5.953930504686205,0.022364217787981033,5.952121857619851,medio
2023-01-29,6.115773649002133,452.94633333333354,0.13320280051315958,5.982570848488973,0.020712239667773247,6.0032830881567465,0.01689174398779869,5.999462592476772,medio
2023-01-30,6.343691089898387,568.8922733333333,0.22791744089625432,6.115773649002133,0.07739538699388504,6.193169035996018,0.05817197263240814,6.173945621634541,alto
2023-01-31,6.514882271554641,675.1144766666665,0.1711911816562539,6.343691089898387,0.047332633286714554,6.391023723185102,0.07730478793382645,6.420995877832214,alto
2023-02-01,6.645032042758661,768.954686666667,0.13014977120402005,6.514882271554641,0.059782546013593674,6.574664817568235,0.10105755925178528,6.615939830806426,alto
2023-02-02,6.581972018830088,721.9616483333333,-0.06306002392857302,6.645032042758661,0.04857628047466278,6.693608323233324,0.10123471170663834,6.746266754465299,alto
2023-02-03,6.6778847983611325,794.6365166666669,0.09591277953104438,6.581972018830088,0.025665272027254105,6.607637290857342,0.05090831220149994,6.632880331031588,alto
2023-02-04,6.68458136887377,799.9757133333333,0.006696570512637834,6.6778847983611325,0.043186675757169724,6.721071474118302,0.05239959433674812,6.730284392697881,alto
2023-02-05,6.609291139502755,741.9568883333332,-0.07529022937101537,6.68458136887377,0.008506348356604576,6.693087717230375,0.014513397589325905,6.699094766463096,alto
2023-02-06,6.341284413600499,567.5247800000001,-0.26800672590225627,6.609291139502755,0.10564075410366058,6.7149318936064155,0.09685068577528,6.706141825278035,alto
2023-02-07,6.525632799475137,682.4114666666669,0.18434838587463798,6.341284413600499,0.039265986531972885,6.3805504001324715,0.05952811613678932,6.400812529737288,alto
2023-02-08,6.431927677955073,621.3705966666665,-0.09370512152006327,6.525632799475137,0.01887587644159794,6.544508675916735,0.032498955726623535,6.55813175520176,alto
2023-02-09,6.338003650696057,565.6659166666665,-0.09392402725901672,6.431927677955073,0.007928126491606236,6.43985580444668,0.014749792404472828,6.446677470359546,alto
2023-02-10,6.322486299049716,556.9560316666667,-0.015517351646340494,6.338003650696057,-0.004269744269549847,6.333733906426507,0.013193301856517792,6.351196952552574,medio
2023-02-11,6.408702224673604,607.105283333333,0.08621592562388791,6.322486299049716,-0.005142128095030785,6.317344170954685,0.0022820367012172937,6.3247683357509334,alto
2023-02-12,6.353165216737518,574.3076433333335,-0.055537007936085736,6.408702224673604,-0.01295648142695427,6.39574574324665,0.010609501972794533,6.419311726646399,alto
2023-02-13,6.350606631817221,572.840106666667,-0.0025585849202975908,6.353165216737518,0.047220729291439056,6.400385946028957,0.01882084645330906,6.371986063190827,alto
2023-02-14,6.33316664958497,562.9363966666666,-0.017439982232250628,6.350606631817221,-0.0007582654943689704,6.349848366322852,0.013037707656621933,6.363644339473843,alto
2023-02-15,6.3060235581866975,547.8620699999999,-0.027143091398272645,6.33316664958497,0.008708614856004715,6.341875264440975,0.011268561705946922,6.344435211290917,medio
2023-02-16,6.239230097137349,512.4638116666669,-0.06679346104934858,6.3060235581866975,-0.0014462261460721493,6.304577332040625,-0.007484193425625563,6.298539364761072,medio
2023-02-17,6.207048251318017,496.23432833333345,-0.03218184581933148,6.239230097137349,0.006172151770442724,6.245402248907792,0.005824892316013575,6.2450549894533625,medio
2023-02-18,6.061459988076376,429.0013166666666,-0.14558826324164098,6.207048251318017,-0.0010568739380687475,6.205991377379949,0.006467328406870365,6.213515579724888,medio
2023-02-19,6.037790009727755,418.9660999999999,-0.023669978348621612,6.061459988076376,-0.012672155164182186,6.048787832912194,-0.035682134330272675,6.025777853746104,medio
2023-02-20,6.023569340997382,413.05028500000003,-0.014220668730373198,6.037790009727755,0.04972641170024872,6.0875164214280035,0.05712428689002991,6.094914296617785,medio
2023-02-21,6.049225598307037,423.78472333333343,0.02565625730965504,6.023569340997382,0.027549277991056442,6.051118618988438,0.02204873412847519,6.045618075125857,medio
2023-02-22,5.862441680550494,351.58154666666655,-0.1867839177565429,6.049225598307037,0.027540026232600212,6.076765624539637,0.030762525275349617,6.079988123582386,medio
2023-02-23,5.9215915205410194,373.00488666666683,0.0591498399905257,5.862441680550494,0.01910027302801609,5.88154195357851,0.010505976155400276,5.872947656705894,medio
2023-02-24,5.815364039398414,335.41347999999994,-0.10622748114260538,5.9215915205410194,0.03280315548181534,5.954394676022835,0.02032541111111641,5.941916931652136,medio
2023-02-25,5.700477173718051,299.01004666666677,-0.11488686568036321,5.815364039398414,0.014561603777110577,5.829925643175525,0.01838141307234764,5.833745452470762,medio
2023-02-26,5.753982311436822,315.4443600000002,0.05350513771877097,5.700477173718051,0.03774002194404602,5.738217195662097,0.02571782097220421,5.726194994690255,medio
2023-02-27,5.76642101488931,319.3925833333332,0.012438703452487765,5.753982311436822,0.10296601802110672,5.8569483294579285,0.07600709050893784,5.82998940194576,medio
2023-02-28,5.922633104554965,373.3936049999999,0.15621208966565536,5.76642101488931,0.038062047213315964,5.8044830621026255,0.028342142701148987,5.794763157590459,medio
2023-03-01,5.925163611607968,374.3396766666667,0.0025305070530032836,5.922633104554965,0.04559813067317009,5.968231235228135,0.042475201189517975,5.965108305744483,medio
2023-03-02,6.022115099451762,412.45004666666676,0.0969514878437936,5.925163611607968,0.041558634489774704,5.966722246097743,0.029774613678455353,5.954938225286424,medio
2023-03-03,6.076523261252907,435.5123966666668,0.05440816180114538,6.022115099451762,0.029052171856164932,6.051167271307927,0.023633228614926338,6.045748328066688,medio
2023-03-04,6.109201077979331,449.97907333333336,0.03267781672642389,6.076523261252907,0.029751155525445938,6.106274416778353,0.01741337776184082,6.093936639014748,medio
2023-03-05,6.1394422777131625,463.7948300000001,0.030241199733831436,6.109201077979331,0.010895862244069576,6.120096940223401,-0.016247902065515518,6.092953175913816,medio
2023-03-06,6.218349968884713,501.87444000000005,0.07890769117155028,6.1394422777131625,0.005095107015222311,6.144537384728385,-0.00832271296530962,6.131119564747853,medio
2023-03-07,6.1898471814991325,487.77155999999985,-0.02850278738558032,6.218349968884713,-0.01950935460627079,6.198840614278442,0.01137266680598259,6.229722635690695,medio
2023-03-08,6.154095248275738,470.6408366666667,-0.03575193322339487,6.1898471814991325,-0.01857631281018257,6.17127086868895,-0.007351222448050976,6.1824959590510815,medio
2023-03-09,6.066994437321184,431.382185,-0.08710081095455369,6.154095248275738,-0.02750023454427719,6.12659501373146,-0.010922366753220558,6.143172881522517,medio
2023-03-10,5.767553602464482,319.75452833333327,-0.2994408348567017,6.066994437321184,-0.03756192326545715,6.029432514055727,-0.04712503403425217,6.019869403286932,medio
2023-03-11,5.736312677759404,309.9195283333334,-0.03124092470507822,5.767553602464482,-0.003919142764061689,5.7636344597004205,-0.03537178784608841,5.732181814618394,medio
2023-03-12,5.682118166841063,293.5706033333334,-0.054194510918341265,5.736312677759404,-0.039331868290901184,5.696980809468503,-0.05920228362083435,5.67711039413857,medio
2023-03-13,5.456081495710944,234.17799666666656,-0.22603667113011916,5.682118166841063,0.03577182814478874,5.7178899949858515,0.047381240874528885,5.729499407715592,bajo
2023-03-14,5.250245640490129,190.61308499999998,-0.2058358552208146,5.456081495710944,-0.03288772702217102,5.423193768688773,-0.011692630127072334,5.444388865583871,bajo
2023-03-15,5.102088388334892,164.3648066666667,-0.14815725215523656,5.250245640490129,-0.031796086579561234,5.218449553910568,-0.007551792077720165,5.242693848412409,bajo
2023-03-16,5.139843929275172,170.68912666666668,0.037755540940279886,5.102088388334892,-0.028986681252717972,5.0731017070821744,-0.016175616532564163,5.085912771802328,bajo
2023-03-17,5.390090616967347,219.22325000000004,0.25024668769217495,5.139843929275172,-0.0437125489115715,5.096131380363601,-0.07074034214019775,5.0691035871349746,bajo
2023-03-18,5.315725872050444,203.51218333333338,-0.07436474491690337,5.390090616967347,-0.034553155303001404,5.355537461664346,-0.033017631620168686,5.357072985347179,bajo
2023-03-19,5.105034554088571,164.84976666666662,-0.21069131796187257,5.315725872050444,-0.04982558265328407,5.26590028939716,-0.03232499957084656,5.283400872479597,bajo
2023-03-20,5.457772176004411,234.57425166666664,0.35273762191584,5.105034554088571,0.1399586945772171,5.244993248665788,0.08785934746265411,5.192893901551225,bajo
2023-03-21,5.674064252596882,291.21570666666656,0.2162920765924703,5.457772176004411,0.0223100408911705,5.480082216895582,-0.02097473293542862,5.436797443068983,medio
2023-03-22,5.833797260705931,341.6535666666666,0.15973300810904956,5.674064252596882,-0.006125223357230425,5.667939029239651,-0.010271684266626835,5.663792568330255,medio
2023-03-23,5.774038328985188,321.83478666666673,-0.05975893172074276,5.833797260705931,-0.04650771617889404,5.787289544527037,-0.046688053756952286,5.787109206948979,medio
2023-03-24,5.7969820296683405,329.30422833333347,0.022943700683152102,5.774038328985188,-0.027672892436385155,5.746365436548803,0.016167661175131798,5.79020599016032,medio
2023-03-25,5.4646651935366215,236.19676166666673,-0.33231683613171903,5.7969820296683405,-0.08649607747793198,5.7104859521904086,-0.09803692996501923,5.698945099703321,bajo
2023-03-26,5.227044129144803,186.24148333333326,-0.23762106439181885,5.4646651935366215,-0.057892266660928726,5.406772926875693,-0.07423333078622818,5.390431862750393,bajo
2023-03-27,5.194973658358699,180.36339166666667,-0.03207047078610348,5.227044129144803,0.16223910450935364,5.389283233654156,0.10273057967424393,5.329774708819047,bajo
2023-03-28,5.249894693595435,190.54620166666666,0.05492103523673553,5.194973658358699,0.034218836575746536,5.229192494934446,0.05836751312017441,5.253341171478874,bajo
2023-03-29,5.050550338795163,156.1083533333333,-0.1993443548002718,5.249894693595435,-0.0040528844110667706,5.245841809184368,0.0006877186824567616,5.2505824122778915,bajo
2023-03-30,5.126647053326371,168.4513616666667,0.07609671453120814,5.050550338795163,-0.028983118012547493,5.021567220782615,0.013775832019746304,5.064326170814909,bajo
2023-03-31,5.096493387791772,163.4477533333334,-0.030153665534599305,5.126647053326371,-0.0012110249372199178,5.125436028389151,-0.009263323619961739,5.117383729706409,bajo
2023-04-01,5.0117486518612,150.16709666666677,-0.0847447359305713,5.096493387791772,-0.07335583120584488,5.023137556585927,-0.09134571254253387,5.005147675249238,bajo
2023-04-02,5.038675640939328,154.2655766666667,0.026926989078127406,5.0117486518612,-0.03514936566352844,4.976599286197672,-0.03859351575374603,4.973155136107454,bajo
2023-04-03,4.9931009848869845,147.39277833333338,-0.04557465605234334,5.038675640939328,0.06344714760780334,5.102122788547131,0.01143269520252943,5.050108336141857,bajo
2023-04-04,5.0129992089577,150.3550066666667,0.019898224070715287,4.9931009848869845,0.007540804799646139,5.000641789686631,-0.010754851624369621,4.982346133262615,bajo
2023-04-05,4.974702439341379,144.70575999999997,-0.03829676961632078,5.0129992089577,-0.02817566692829132,4.9848235420294085,-0.04752665385603905,4.965472555101661,bajo
2023-04-06,4.946147509449346,140.63213500000006,-0.028554929892033343,4.974702439341379,-0.024071134626865387,4.950631304714514,-0.021480871364474297,4.953221567976905,bajo
2023-04-07,4.898318715103486,134.06418999999997,-0.04782879434585929,4.946147509449346,0.007955369539558887,4.954102878988905,-0.02707609534263611,4.91907141410671,bajo
2023-04-08,4.955391763343944,141.93820166666663,0.05707304824045778,4.898318715103486,-0.011458727531135082,4.886859987572351,-0.027095656841993332,4.871223058261493,bajo
2023-04-09,4.891630387259224,133.17051666666663,-0.06376137608472021,4.955391763343944,0.020566778257489204,4.975958541601433,-0.016007643193006516,4.939384120150938,bajo
2023-04-10,4.9662102771273515,143.48209833333337,0.07457988986812758,4.891630387259224,0.05382174625992775,4.945452133519152,0.019684817641973495,4.911315204901197,bajo
2023-04-11,4.979310740944845,145.3741466666667,0.013100463817493413,4.9662102771273515,0.017862126231193542,4.984072403358545,0.006236126180738211,4.97244640330809,bajo
2023-04-12,5.552070669281314,257.7707616666666,0.5727599283364695,4.979310740944845,0.019339220598340034,4.998649961543185,0.01981637068092823,4.999127111625773,bajo
2023-04-13,5.490372976683451,242.34757999999997,-0.061697692597863174,5.552070669281314,-0.07173536717891693,5.4803353021023975,-0.07286107540130615,5.479209593880008,bajo
2023-04-14,5.5019113985315435,245.1600833333334,0.011538421848092284,5.490372976683451,-0.05708589777350426,5.433287078909947,-0.04358893632888794,5.446784040354563,bajo
2023-04-15,5.368797544779102,214.60466000000005,-0.1331138537524419,5.5019113985315435,0.011284767650067806,5.513196166181611,-0.022081343457102776,5.479830055074441,bajo
2023-04-16,5.356740240806041,212.03264333333343,-0.012057303973060485,5.368797544779102,0.0060043251141905785,5.374801869893292,-0.0435883104801178,5.325209234298984,bajo
2023-04-17,5.687446420512912,295.13899666666674,0.3307061797068709,5.356740240806041,-0.007332400884479284,5.349407839921562,-0.017352838069200516,5.339387402736841,medio
2023-04-18,5.673373369009158,291.01457999999997,-0.01407305150375393,5.687446420512912,-0.06312669068574905,5.624319729827163,-0.062287501990795135,5.625158918522117,medio
2023-04-19,5.569765821454665,262.37265000000014,-0.10360754755449353,5.673373369009158,-0.086662158370018,5.58671121063914,-0.05144990235567093,5.621923466653487,bajo
2023-04-20,5.716486996040893,303.83567,0.14672117458622846,5.569765821454665,-0.06301917135715485,5.50674665009751,-0.08969457447528839,5.480071246979376,medio
2023-04-21,5.76744549807413,319.71996333333334,0.05095850203323682,5.716486996040893,-0.08362014591693878,5.632866850123954,-0.09563110768795013,5.620855888352943,medio
2023-04-22,5.812782220276363,334.5486199999998,0.04533672220223295,5.76744549807413,-0.11571981757879257,5.651725680495337,-0.08424130827188492,5.683204189802245,medio
2023-04-23,5.832703391463146,341.2800466666665,0.01992117118678305,5.812782220276363,-0.14292766153812408,5.669854558738239,-0.1421724557876587,5.670609764488704,medio
2023-04-24,5.838921399508161,343.4087399999999,0.006218008045014933,5.832703391463146,0.007468244526535273,5.840171635989681,-0.02846810407936573,5.80423528738378,medio
2023-04-25,5.8105255341596935,333.7945,-0.028395865348467275,5.838921399508161,-0.07424041628837585,5.764680983219785,-0.0809318870306015,5.757989512477559,medio
2023-04-26,5.779979334991655,323.75250000000005,-0.03054619916803869,5.8105255341596935,-0.08116564154624939,5.729359892613444,-0.0864606723189354,5.724064861840758,medio
2023-04-27,5.518323621691119,249.21690499999997,-0.26165571330053616,5.779979334991655,-0.09032824635505676,5.689651088636598,-0.09494209289550781,5.685037242096147,bajo
2023-04-28,5.540570520758757,254.82334,0.022246899067638104,5.518323621691119,-0.07990918308496475,5.438414438606154,-0.0912436917424202,5.4270799299486985,bajo
2023-04-29,5.231481497415115,187.06974166666666,-0.30908902334364186,5.540570520758757,-0.14554330706596375,5.395027213692793,-0.1389894336462021,5.401581087112555,bajo
2023-04-30,5.3531815385897215,211.2794233333334,0.12170004117460653,5.231481497415115,-0.04434890300035477,5.18713259441476,-0.06892833858728409,5.162553158827831,bajo
2023-05-01,5.242864926119364,189.21140333333332,-0.11031661247035718,5.3531815385897215,-0.010778029449284077,5.342403509140437,-0.00681785074993968,5.346363687839782,bajo
2023-05-02,5.4839849441654955,240.8043900000001,0.24112001804613126,5.242864926119364,0.07521994411945343,5.318084870238818,0.058430615812540054,5.301295541931904,bajo
2023-05-03,5.545488209989042,256.07956833333327,0.06150326582354637,5.4839849441654955,-0.02785000018775463,5.456134943977741,-0.051443230360746384,5.432541713804749,bajo
2023-05-04,5.549543031630347,257.1200333333333,0.004054821641305217,5.545488209989042,-0.013745119795203209,5.531743090193839,-0.04033145681023598,5.505156753178806,bajo
2023-05-05,5.773834010745162,321.7690366666665,0.22429097911481488,5.549543031630347,-0.01451063808053732,5.53503239354981,-0.04429775848984718,5.5052452731405,medio
2023-05-06,5.77452530296405,321.9915499999999,0.0006912922188879733,5.773834010745162,-0.024530071765184402,5.749303938979978,-0.07607465237379074,5.697759358371371,medio
2023-05-07,5.870877565316216,354.5599933333333,0.0963522623521662,5.77452530296405,-0.023632563650608063,5.750892739313442,-0.008075051940977573,5.766450251023072,medio
2023-05-08,6.002499413402298,404.43838999999986,0.13162184808608224,5.870877565316216,0.03641244396567345,5.90729000928189,0.0030491051729768515,5.873926670489193,medio
2023-05-09,6.2431327091140325,514.4676666666668,0.24063329571173409,6.002499413402298,0.04559439420700073,6.048093807609299,0.04026151821017265,6.042760931612471,medio
2023-05-10,6.367335646077069,582.5037633333333,0.12420293696303641,6.2431327091140325,0.029090894386172295,6.272223603500205,0.01386506762355566,6.256997776737588,alto
2023-05-11,6.446114059123197,630.24842,0.07877841304612776,6.367335646077069,0.02734926901757717,6.394684915094646,0.041674114763736725,6.409009760840806,alto
2023-05-12,6.460335300517142,639.2753700000003,0.01422124139394576,6.446114059123197,0.02280833013355732,6.468922389256754,0.02126189135015011,6.467375950473347,alto
2023-05-13,6.540344121894195,692.5248499999999,0.0800088213770529,6.460335300517142,0.01922677457332611,6.4795620750904686,0.013918310403823853,6.474253610920966,alto
2023-05-14,6.526866840157813,683.25411,-0.01347728173638263,6.540344121894195,-0.0022624023258686066,6.538081719568327,-0.018799861893057823,6.5215442600011375,alto
2023-05-15,6.589066330202097,727.1016799999999,0.062199490044283934,6.526866840157813,0.06003294512629509,6.586899785284108,0.04007885977625847,6.566945699934071,alto
2023-05-16,6.655043330338684,776.6915766666666,0.06597700013658692,6.589066330202097,0.008251269347965717,6.597317599550062,0.01738314889371395,6.606449479095811,alto
2023-05-17,6.698502779956023,811.1903849999999,0.043459449617339274,6.655043330338684,0.0009047899511642754,6.655948120289848,0.010372909717261791,6.665416240055945,alto
2023-05-18,6.709788775746007,820.3973333333332,0.011285995789983794,6.698502779956023,-0.009637592360377312,6.6888651875956455,0.004184556659311056,6.702687336615334,alto
2023-05-19,6.726594612094671,834.3013033333335,0.016805836348664727,6.709788775746007,-0.0033573738764971495,6.7064314018695095,-0.005142001435160637,6.704646774310846,alto
2023-05-20,6.730315455116616,837.4113899999999,0.003720843021945086,6.726594612094671,-0.010944961570203304,6.715649650524468,-0.016790634021162987,6.709803978073508,alto
2023-05-21,6.66087537365405,781.2345100000002,-0.06944008146256664,6.730315455116616,-0.036652401089668274,6.693663054026948,-0.05192623287439346,6.678389222242223,alto
2023-05-22,6.671359575338369,789.4682166666665,0.010484201684318961,6.66087537365405,0.0290012676268816,6.689876641280931,0.03203827142715454,6.692913645081204,alto
2023-05-23,6.686135378821754,801.21985,0.01477580348338492,6.671359575338369,-0.02854476496577263,6.642814810372596,-0.02702546864748001,6.644334106690889,alto
2023-05-24,6.608627336204208,741.4645383333335,-0.07750804261754585,6.686135378821754,-0.04990246519446373,6.63623291362729,-0.040739260613918304,6.645396118207835,alto
2023-05-25,6.640164933645356,765.2211933333334,0.03153759744114826,6.608627336204208,-0.05014124512672424,6.558486091077484,-0.042874012142419815,6.565753324061788,alto
2023-05-26,6.497193959721102,663.2778349999998,-0.14297097392425417,6.640164933645356,-0.07740635424852371,6.562758579396832,-0.09419407695531845,6.545970856690038,alto
2023-05-27,6.479054649834923,651.3548966666667,-0.018139309886178623,6.497193959721102,-0.07792753726243973,6.419266422458662,-0.06399884074926376,6.433195118971838,alto
2023-05-28,6.110763481357445,450.6826716666667,-0.36829116847747834,6.479054649834923,-0.0933927372097969,6.385661912625126,-0.07266562432050705,6.406389025514416,medio
2023-05-29,5.926025883185647,374.6625983333334,-0.18473759817179758,6.110763481357445,0.15598376095294952,6.2667472423103945,0.09384375810623169,6.204607239463677,medio
2023-05-30,5.954963075464091,385.66266999999993,0.028937192278443824,5.926025883185647,0.10443302989006042,6.030458913075708,0.09037624299526215,6.0164021261809095,medio
2023-05-31,5.888233572552272,360.76745166666666,-0.06672950291181934,5.954963075464091,0.025782952085137367,5.980746027549229,0.01892576552927494,5.973888840993366,medio
2023-06-01,5.741312480522903,311.47294500000015,-0.14692109202936887,5.888233572552272,0.03925689682364464,5.9274904693759165,0.022081730887293816,5.910315303439566,medio
2023-06-02,5.5341706723251995,253.19771666666668,-0.20714180819770345,5.741312480522903,-0.012815011665225029,5.728497468857678,0.013649065978825092,5.754961546501728,bajo
2023-06-03,5.503415813217935,245.52918333333335,-0.030754859107264387,5.5341706723251995,0.024800358340144157,5.558971030665344,0.035672809928655624,5.569843482253855,bajo
2023-06-04,5.3412711911030275,208.7779383333333,-0.16214462211490765,5.503415813217935,0.0030965146142989397,5.506512327832234,-0.01830684021115303,5.485108973006782,bajo
2023-06-05,5.598280467507444,269.96179999999987,0.25700927640441673,5.3412711911030275,0.11497877538204193,5.456249966485069,0.13383077085018158,5.475101961953209,medio
2023-06-06,5.708382666419588,301.3832366666668,0.11010219891214401,5.598280467507444,0.02948846109211445,5.627768928599559,0.023389875888824463,5.621670343396269,medio
2023-06-07,5.844185902057094,345.2213833333333,0.13580323563750607,5.708382666419588,0.0063224900513887405,5.714705156470977,0.053141504526138306,5.7615241709457266,medio
2023-06-08,5.7957330121265676,328.8931783333334,-0.048452889930526766,5.844185902057094,0.023925239220261574,5.868111141277356,0.02141890861093998,5.865604810668034,medio
2023-06-09,5.739215189059268,310.82038000000006,-0.05651782306729913,5.7957330121265676,-0.006946205627173185,5.788786806499394,-0.0038515066262334585,5.791881505500334,medio
2023-06-10,5.677619386446295,292.2528599999999,-0.06159580261297304,5.739215189059268,0.00900475587695837,5.748219944936227,0.004842012654989958,5.744057201714258,medio
2023-06-11,5.640690468292983,281.65712666666667,-0.03692891815331212,5.677619386446295,-0.004955752287060022,5.672663634159235,7.048963743727654e-05,5.677689876083733,medio
2023-06-12,5.688555147360624,295.46640666666684,0.047864679067640914,5.640690468292983,0.08411069214344025,5.7248011604364235,0.06299212574958801,5.703682594042571,medio
2023-06-13,5.792520743043535,327.8383800000001,0.10396559568291064,5.688555147360624,0.04832914099097252,5.736884288351597,0.041344933211803436,5.729900080572428,medio
2023-06-14,5.865033572461586,352.49399,0.07251282941805126,5.792520743043535,0.06464260816574097,5.857163351209276,0.05748065188527107,5.850001394928806,medio
2023-06-15,5.893075171860161,362.51837833333343,0.0280415993985752,5.865033572461586,0.04304448887705803,5.908078061338644,0.05192437767982483,5.916957950141411,medio
2023-06-16,6.01567803274024,409.803605,0.12260286088007888,5.893075171860161,0.03935398533940315,5.932429157199564,0.05617373436689377,5.949248906227055,medio
2023-06-17,6.0896647664191,441.27345666666656,0.07398673367885955,6.01567803274024,0.019501036033034325,6.0351790687732745,0.03199181333184242,6.047669846072083,medio
2023-06-18,6.213760085627625,499.57617333333343,0.12409531920852501,6.0896647664191,-0.03918183222413063,6.050482934194969,-0.03416556492447853,6.055499201494621,medio
2023-06-19,6.34373327625755,568.9162733333333,0.12997319062992485,6.213760085627625,0.035892535001039505,6.249652620628664,0.0144807118922472,6.228240797519872,alto
2023-06-20,6.400475843385136,602.1314900000003,0.05674256712758652,6.34373327625755,0.05218326300382614,6.395916539261376,0.044675543904304504,6.388408820161854,alto
2023-06-21,6.606476263416868,739.8713083333333,0.20600042003173158,6.400475843385136,0.0004926399560645223,6.400968483341201,0.019737090915441513,6.420212934300578,alto
2023-06-22,6.6190610455793495,749.2412633333333,0.012584782162481822,6.606476263416868,-0.007667184341698885,6.598809079075169,0.004923086613416672,6.611399350030284,alto
2023-06-23,6.743343040658745,848.3922099999996,0.12428199507939564,6.6190610455793495,-0.016482006758451462,6.602579038820898,0.0055112470872700214,6.6245722926666195,alto
2023-06-24,6.794692056836671,893.0941950000002,0.051349016177925755,6.743343040658745,-0.040966931730508804,6.702376108928236,-0.023254893720149994,6.720088146938595,alto
2023-06-25,6.597370558368976,733.1648383333333,-0.1973214984676952,6.794692056836671,-0.07430338859558105,6.72038866824109,-0.05922101065516472,6.735471046181506,alto
2023-06-26,6.543893835810291,694.9874833333333,-0.05347672255868474,6.597370558368976,0.0750722587108612,6.672442817079837,0.04931259527802467,6.646683153647,alto
2023-06-27,6.400549559339252,602.1758783333331,-0.14334427647103887,6.543893835810291,-0.024243777617812157,6.519650058192479,-0.03277730569243431,6.511116530117857,alto
2023-06-28,6.426023883540521,617.7129600000003,0.025474324201268495,6.400549559339252,-0.03572991490364075,6.364819644435611,-0.0003193432930856943,6.400230216046166,alto
2023-06-29,6.135046712117161,461.7606633333334,-0.29097717142335977,6.426023883540521,-0.03764821216464043,6.38837567137588,-0.007666400633752346,6.418357482906768,medio
2023-06-30,6.24650076408131,516.2033433333335,0.11145405196414959,6.135046712117161,0.030492909252643585,6.165539621369804,0.029530761763453484,6.164577473880614,medio
2023-07-01,6.300131758198048,544.643666666667,0.05363099411673744,6.24650076408131,-0.020756877958774567,6.225743886122536,-0.027914205566048622,6.218586558515262,medio
2023-07-02,6.311069391199266,550.6334766666666,0.010937633001217861,6.300131758198048,-0.060136519372463226,6.239995238825585,-0.052661117166280746,6.247470641031767,medio
2023-07-03,6.186630390225779,486.2050216666668,-0.12443900097348681,6.311069391199266,0.03720543906092644,6.348274830260192,0.004236401990056038,6.315305793189322,medio
2023-07-04,6.31556161551131,553.11261,0.12893122528553125,6.186630390225779,0.02754719741642475,6.214177587642204,0.03881683945655823,6.225447229682337,medio
2023-07-05,6.4095605814801475,607.6266199999997,0.09399896596883739,6.31556161551131,-0.045972537249326706,6.269589078261983,-0.03368719667196274,6.281874418839347,alto
2023-07-06,6.417907501258229,612.7196566666668,0.008346919778081663,6.4095605814801475,-0.02601778320968151,6.383542798270466,-0.043500855565071106,6.366059725915076,alto
2023-07-07,6.331187992816529,561.8236400000001,-0.08671950844169984,6.417907501258229,-0.013397731818258762,6.40450976943997,0.006058359984308481,6.423965861242538,medio
2023-07-08,6.237070134067564,511.3581033333335,-0.09411785874896506,6.331187992816529,-0.062385477125644684,6.268802515690885,-0.057809922844171524,6.273378069972358,medio
2023-07-09,6.094131346718191,443.24884833333334,-0.14293878734937326,6.237070134067564,-0.014857961796224117,6.22221217227134,-0.04744536429643631,6.189624769771128,medio
2023-07-10,6.1404115397807,464.24458666666663,0.04628019306250941,6.094131346718191,0.019982242956757545,6.114113589674949,0.03611774370074272,6.130249090418934,medio
2023-07-11,6.255134657305637,520.6794833333332,0.11472311752493614,6.1404115397807,0.05893018841743469,6.199341728198135,0.011739635840058327,6.152151175620759,medio
2023-07-12,6.32457451262539,558.1202900000002,0.06943985531975372,6.255134657305637,0.04303346201777458,6.298168119323411,0.017171308398246765,6.272305965703883,medio
2023-07-13,6.435111393993365,623.3520166666665,0.11053688136797479,6.32457451262539,0.02177424170076847,6.346348754326159,-0.012537858448922634,6.312036654176468,alto
2023-07-14,6.503597016579021,667.5384666666665,0.06848562258565583,6.435111393993365,-0.0014232437824830413,6.433688150210882,-0.00792196299880743,6.427189430994558,alto
2023-07-15,6.44138534386623,627.2751900000003,-0.06221167271279082,6.503597016579021,-0.04608739912509918,6.457509617453922,-0.055603235960006714,6.447993780619014,alto
2023-07-16,6.485906091877399,655.8329400000001,0.0445207480111689,6.44138534386623,-0.047856178134679794,6.39352916573155,-0.06195757910609245,6.379427764760138,alto
2023-07-17,6.41014959107618,607.9846233333335,-0.07575650080121932,6.485906091877399,-0.022776996716856956,6.463129095160542,-0.026364607736468315,6.459541484140931,alto
2023-07-18,6.332080072370564,562.3250549999999,-0.07806951870561551,6.41014959107618,-0.0035084194969385862,6.406641171579241,-0.03410015255212784,6.376049438524052,medio
2023-07-19,6.11422591103967,452.24583333333334,-0.2178541613308944,6.332080072370564,-0.009667707607150078,6.322412364763414,-0.05093986168503761,6.2811402106855265,medio
2023-07-20,5.874822944144375,355.96162999999984,-0.2394029668952946,6.11422591103967,0.018649380654096603,6.132875291693766,-0.026068782433867455,6.088157128605802,medio
2023-07-21,6.106694875525997,448.85274666666663,0.23187193138162154,5.874822944144375,0.036984752863645554,5.911807697008021,-5.68988652958069e-05,5.874766045279079,medio
2023-07-22,5.840983604716695,344.1176500000001,-0.2657112708093017,6.106694875525997,0.009571812115609646,6.116266687641606,-0.025069067254662514,6.081625808271334,medio
2023-07-23,5.910693612536036,368.96198333333354,0.06971000781934134,5.840983604716695,0.0052261315286159515,5.846209736245311,-0.030609827488660812,5.810373777228034,medio
2023-07-24,6.226683759918384,506.0744333333332,0.31599014738234743,5.910693612536036,0.08631547540426254,5.997009087940299,0.05545339360833168,5.966147006144368,medio
2023-07-25,6.217469600417473,501.43280000000004,-0.009214159500910313,6.226683759918384,0.05266822502017021,6.279351984938554,-0.017543628811836243,6.2091401311065475,medio
2023-07-26,6.23241261644785,508.9819816666668,0.014943016030376732,6.217469600417473,0.04132184013724327,6.258791440554717,-0.0073524112813174725,6.210117189136156,medio
2023-07-27,6.299177284578855,544.1240666666665,0.06676466813100479,6.23241261644785,0.006486191879957914,6.238898808327808,-0.061668407171964645,6.1707442092758855,medio
2023-07-28,6.185373045134965,485.5940783333335,-0.11380423944388962,6.299177284578855,0.010421793907880783,6.309599078486736,-0.0028190326411277056,6.296358251937727,medio
2023-07-29,6.20968427628103,497.54413999999974,0.024311231146064927,6.185373045134965,0.006025772541761398,6.191398817676727,-0.03318502753973007,6.152188017595235,medio
2023-07-30,6.222556449753294,503.99001166666676,0.012872173472263881,6.20968427628103,0.02063564769923687,6.230319923980267,-0.006143489852547646,6.203540786428483,medio
2023-07-31,6.203356998168538,494.40597833333345,-0.019199451584755778,6.222556449753294,0.0770631805062294,6.2996196302595235,0.03869098052382469,6.261247430277119,medio
2023-08-01,6.302883812467435,546.1446199999997,0.09952681429889676,6.203356998168538,0.03134548291563988,6.234702481084178,0.04346901550889015,6.2468260136774285,medio
2023-08-02,6.313082956255438,551.7433299999997,0.010199143788002907,6.302883812467435,0.020996330305933952,6.323880142773369,0.020145386457443237,6.323029198924878,medio
2023-08-03,6.218572267378226,501.9860183333333,-0.09451068887721181,6.313082956255438,0.013931287452578545,6.327014243708017,0.03423076122999191,6.34731371748543,medio
2023-08-04,6.280320268064837,533.9596466666668,0.06174800068661046,6.218572267378226,0.048559997230768204,6.267132264608994,0.04513128846883774,6.263703555847064,medio
2023-08-05,6.1404389172157465,464.2572966666667,-0.13988135084909015,6.280320268064837,0.02423775941133499,6.304558027476172,0.027621891349554062,6.307942159414391,medio
2023-08-06,6.199824561791112,492.66260166666643,0.059385644575365326,6.1404389172157465,0.045395348221063614,6.18583426543681,0.03502504527568817,6.175463962491435,medio
2023-08-07,6.008385493667905,406.8259666666667,-0.19143906812320655,6.199824561791112,0.07731037586927414,6.277134937660386,0.062059853225946426,6.261884415017058,medio
2023-08-08,6.255600593606383,520.9221433333335,0.24721509993847768,6.008385493667905,0.08421814441680908,6.092603638084714,0.09749777615070343,6.105883269818609,medio
2023-08-09,6.42067072580309,614.4150800000001,0.16507013219670696,6.255600593606383,0.0050551872700452805,6.260655780876428,-0.003083994844928384,6.252516598761455,alto
2023-08-10,6.5112292380971475,672.6527600000002,0.09055851229405754,6.42067072580309,0.019520698115229607,6.44019142391832,0.021826237440109253,6.442496963243199,alto
2023-08-11,6.61186611362129,743.8698699999999,0.10063687552414269,6.5112292380971475,0.032386478036642075,6.54361571613379,0.04419005289673805,6.5554192909938855,alto
2023-08-12,6.6398926790005595,765.0128866666665,0.028026565379269286,6.61186611362129,0.04619142413139343,6.658057537752684,0.039250120520591736,6.651116234141882,alto
2023-08-13,6.495943961216237,662.4492566666665,-0.1439487177843226,6.6398926790005595,-0.010338718071579933,6.6295539609289795,-0.021933531388640404,6.617959147611919,alto
2023-08-14,6.473928362823954,648.0244083333331,-0.022015598392282953,6.495943961216237,0.0016066868556663394,6.497550648071903,0.03286144882440567,6.5288054100406425,alto
2023-08-15,6.611439505384215,743.5525966666663,0.1375111425602613,6.473928362823954,0.01307063177227974,6.486998994596234,0.00905897468328476,6.482987337507239,alto
2023-08-16,6.528846453069879,684.6080283333332,-0.08259305231433611,6.611439505384215,-0.019987909123301506,6.591451596260914,-0.01219890732318163,6.599240598061034,alto
2023-08-17,6.544591731895688,695.4726816666666,0.015745278825808562,6.528846453069879,-0.015091363340616226,6.513755089729263,0.001539621502161026,6.53038607457204,alto
2023-08-18,6.623925226853693,752.8945866666664,0.07933349495800535,6.544591731895688,-0.014164552092552185,6.5304271798031355,-0.021326452493667603,6.52326527940202,alto
2023-08-19,6.535031740113423,688.8556483333331,-0.08889348674026998,6.623925226853693,-0.010264371521770954,6.613660855331922,-0.012774275615811348,6.611150951237882,alto
2023-08-20,6.06091889543145,428.76925,-0.4741128446819731,6.535031740113423,-0.05422639846801758,6.4808053416454054,-0.04417898505926132,6.490852755054162,medio
2023-08-21,6.057451748869625,427.28521833333326,-0.0034671465618245634,6.06091889543145,0.1463364213705063,6.207255316801956,0.16928455233573914,6.230203447767189,medio
2023-08-22,5.8097712729031805,333.5428266666666,-0.24768047596644482,6.057451748869625,0.06089756265282631,6.118349311522452,0.07079940289258957,6.128251151762215,medio
2023-08-23,5.4834380091880055,240.67272166666672,-0.326333263715175,5.8097712729031805,-0.055585648864507675,5.754185624038673,-0.05371137708425522,5.756059895818925,bajo
2023-08-24,5.294442862006472,199.2265983333333,-0.18899514718153387,5.4834380091880055,0.04710451513528824,5.530542524323294,0.03426956385374069,5.517707573041746,bajo
2023-08-25,5.306961027247787,201.736225,0.01251816524131577,5.294442862006472,0.05176428705453873,5.34620714906101,0.07537023723125458,5.369813099237726,bajo
2023-08-26,5.499510793544069,244.57225666666668,0.19254976629628118,5.306961027247787,0.040071409195661545,5.347032436443449,0.045102786272764206,5.352063813520552,bajo
2023-08-27,5.205723957145391,182.31281166666668,-0.2937868363986773,5.499510793544069,0.012409977614879608,5.511920771158948,-0.008967400528490543,5.490543393015578,bajo
2023-08-28,5.892617053379064,362.3523400000001,0.686893096233673,5.205723957145391,0.21618647873401642,5.421910435879408,0.20159803330898285,5.407321990454374,medio
2023-08-29,6.323320690588739,557.420945,0.43070363720967464,5.892617053379064,0.09240472316741943,5.985021776546484,0.08656270056962967,5.979179753948694,medio
2023-08-30,6.622922982060046,752.1403800000003,0.2996022914713068,6.323320690588739,0.06785164028406143,6.3911723308728,0.01737041026353836,6.340691100852277,alto
2023-08-31,6.689869601624249,804.2173766666664,0.06694661956420322,6.622922982060046,0.07875313609838486,6.701676118158431,0.08451089262962341,6.707433874689669,alto
2023-09-01,6.731637888485189,838.5195433333333,0.041768286860939696,6.689869601624249,0.05517180263996124,6.74504140426421,0.07585898041725159,6.7657285820415005,alto
2023-09-02,6.795031901639298,893.3977599999998,0.06339401315410953,6.731637888485189,0.04685187339782715,6.778489761883016,0.05882447957992554,6.790462368065114,alto
2023-09-03,6.838745400207705,933.3174599999996,0.04371349856840645,6.795031901639298,0.015106450766324997,6.810138352405623,-0.07047460228204727,6.724557299357251,alto
2023-09-04,6.872395682116368,965.2582500000002,0.03365028190866326,6.838745400207705,0.09350927919149399,6.932254679399199,0.11543520539999008,6.954180605607695,alto
2023-09-05,6.887295120159475,979.7477299999995,0.014899438043107338,6.872395682116368,0.04316598176956177,6.91556166388593,0.052606649696826935,6.925002331813195,alto
2023-09-06,6.844447008775459,938.6540699999997,-0.04284811138401601,6.887295120159475,0.048028409481048584,6.935323529640524,0.05234270915389061,6.939637829313366,alto
2023-09-07,6.910011917523677,1002.2591866666662,0.06556490874821819,6.844447008775459,0.03493183106184006,6.879378839837299,0.05225445702672005,6.896701465802179,alto
2023-09-08,6.92754352708997,1019.9853333333334,0.017531609566292516,6.910011917523677,0.037745870649814606,6.947757788173492,0.04550189897418022,6.955513816497858,alto
2023-09-09,6.949161023087445,1042.274916666667,0.02161749599747509,6.92754352708997,0.04915314167737961,6.9766966687673495,0.06043048948049545,6.987974016570465,alto
2023-09-10,6.947065651577429,1040.0932500000001,-0.002095371510016264,6.949161023087445,0.0179443322122097,6.967105355299655,0.010765297338366508,6.9599263204258115,alto
2023-09-11,6.9621838428550475,1055.9370416666668,0.01511819127761882,6.947065651577429,0.07046712934970856,7.017532780927137,0.07392270863056183,7.0209883602079906,alto
2023-09-12,6.96193557280684,1055.674916666667,-0.0002482700482078215,6.9621838428550475,0.017197199165821075,6.979381042020869,0.0202495027333498,6.982433345588397,alto
2023-09-13,6.963272685068035,1057.0874166666665,0.0013371122611953723,6.96193557280684,0.0231326911598444,6.985068263966684,0.01712307520210743,6.979058648008947,alto
2023-09-14,6.964224140320581,1058.0936666666666,0.0009514552525455855,6.963272685068035,0.02862969972193241,6.9919023847899675,0.046329669654369354,7.0096023547224044,alto
2023-09-15,6.965434311906079,1059.3749166666666,0.0012101715854981876,6.964224140320581,0.023507583886384964,6.987731724206966,0.029026001691818237,6.993250142012399,alto
2023-09-16,6.957761046863047,1051.2771599999999,-0.007673265043031563,6.965434311906079,0.024282267317175865,6.989716579223255,0.04433327540755272,7.009767587313632,alto
2023-09-17,6.865068444297273,958.2114216666665,-0.0926926025657746,6.957761046863047,-0.010384423658251762,6.9473766232047955,0.017947038635611534,6.975708085498659,alto
2023-09-18,6.931757860059578,1024.2929616666663,0.06668941576230569,6.865068444297273,0.04892506077885628,6.913993505076129,0.05493534728884697,6.92000379158612,alto
2023-09-19,6.934291883057632,1026.8918349999997,0.002534022998053942,6.931757860059578,0.02971271239221096,6.961470572451789,0.03040448948740959,6.962162349546988,alto
2023-09-20,6.945022322143884,1037.9701666666665,0.010730439086251486,6.934291883057632,0.03284352645277977,6.967135409510412,0.04201241955161095,6.976304302609243,alto
2023-09-21,6.966018408787532,1059.993875,0.02099608664364805,6.945022322143884,0.016809538006782532,6.961831860150666,0.012556162662804127,6.957578484806688,alto
2023-09-22,6.965886913533584,1059.8545000000004,-0.0001314952539477332,6.966018408787532,0.023631799966096878,6.989650208753629,0.015990959480404854,6.982009368267937,alto
2023-09-23,6.967031432808455,1061.068218333333,0.0011445192748711364,6.965886913533584,0.03191647678613663,6.997803390319721,0.05156392604112625,7.01745083957471,alto
2023-09-24,6.907348317851355,999.5931216666667,-0.059683114957100436,6.967031432808455,0.007208340335637331,6.974239773144093,0.02348453551530838,6.990515968323764,alto
2023-09-25,6.947616371984365,1040.6662083333333,0.04026805413301027,6.907348317851355,0.0681833028793335,6.975531620730688,0.07437850534915924,6.981726823200514,alto
2023-09-26,6.967322400665886,1061.3769999999997,0.019706028681520493,6.947616371984365,0.04062407463788986,6.988240446622255,0.031319793313741684,6.978936165298107,alto
2023-09-27,6.947956961148459,1041.0207083333332,-0.01936543951742653,6.967322400665886,0.04924945533275604,7.016571855998642,0.05330439656972885,7.0206267972356144,alto
2023-09-28,6.951713344487236,1044.9385349999995,0.003756383338776814,6.947956961148459,0.030285900458693504,6.978242861607153,0.021553626284003258,6.969510587432462,alto
2023-09-29,6.9380443953855115,1030.7524983333335,-0.013668949101724337,6.951713344487236,0.02618424780666828,6.977897592293904,0.01684645749628544,6.968559801983521,alto
2023-09-30,6.919683107093512,1011.9992483333334,-0.018361288291999678,6.9380443953855115,0.038246188312768936,6.9762905836982805,0.05390474572777748,6.991949141113289,alto
2023-10-01,6.94883822185241,1041.9385233333333,0.02915511475889776,6.919683107093512,0.038151998072862625,6.9578351051663745,0.05175970867276192,6.971442815766274,alto
2023-10-02,6.968365878739479,1062.4851016666669,0.019527656887069256,6.94883822185241,0.08591414242982864,7.034752364282238,0.08410988748073578,7.032948109333145,alto
2023-10-03,6.968426669900959,1062.5496933333336,6.079116147983399e-05,6.968365878739479,0.04253297671675682,7.010898855456236,0.03377658501267433,7.002142463752153,alto
2023-10-04,6.963317833263479,1057.1351433333332,-0.005108836637480074,6.968426669900959,0.03992718830704689,7.008353858208006,0.033374857157468796,7.0018015270584275,alto
2023-10-05,6.964765039366301,1058.6661433333336,0.0014472061028225625,6.963317833263479,0.029370445758104324,6.992688279021583,0.023810816928744316,6.987128650192223,alto
2023-10-06,6.989630976472172,1085.3208933333337,0.024865937105870373,6.964765039366301,0.030590146780014038,6.995355186146315,0.03142530471086502,6.996190344077166,alto
2023-10-07,7.000056341992865,1096.6949466666663,0.010425365520693397,6.989630976472172,0.018360896036028862,7.0079918725082,0.017205461859703064,7.006836438331875,alto
2023-10-08,6.950712796449237,1043.893546666667,-0.04934354554362841,7.000056341992865,-0.02318507619202137,6.976871265800844,-0.020453646779060364,6.979602695213805,alto
2023-10-09,6.972727687227082,1067.1295800000005,0.022014890777845686,6.950712796449237,0.013397149741649628,6.964109946190886,0.02523638866841793,6.9759491851176545,alto
2023-10-10,6.970947234532072,1065.231296666667,-0.0017804526950104815,6.972727687227082,0.005985212977975607,6.978712900205058,-0.01576801761984825,6.956959669607234,alto
2023-10-11,6.946481097259251,1039.4854366666661,-0.024466137272820987,6.970947234532072,-4.148876905674115e-05,6.970905745763015,0.004246140830218792,6.975193375362291,alto
2023-10-12,6.883381165748793,975.9205366666666,-0.06309993151045745,6.946481097259251,0.005444067530333996,6.951925164789585,0.003764083841815591,6.950245181101066,alto
2023-10-13,6.895215827647378,987.5388400000003,0.011834661898584287,6.883381165748793,0.029136862605810165,6.9125180283546035,0.01768551580607891,6.901066681554872,alto
2023-10-14,6.958855528404374,1052.4283933333334,0.06363970075699665,6.895215827647378,0.02937895804643631,6.924594785693814,0.013414215296506882,6.9086300429438845,alto
2023-10-15,6.919848666633285,1012.1668083333334,-0.039006861771089696,6.958855528404374,-8.787986735114828e-05,6.958767648537023,0.0036309873685240746,6.962486515772898,alto
2023-10-16,6.97873319607288,1073.5575183333333,0.05888452943959521,6.919848666633285,0.08929050713777542,7.00913917377106,0.09430748224258423,7.014156148875869,alto
2023-10-17,7.015714193376143,1114.0019750000001,0.036980997303262875,6.97873319607288,0.0351894311606884,7.013922627233568,0.03226877748966217,7.011001973562542,alto
2023-10-18,7.070148342559129,1176.3225199999997,0.0544341491829865,7.015714193376143,0.029071373865008354,7.044785567241151,0.030354093760252,7.046068287136395,alto
2023-10-19,7.154070971783796,1279.303376666666,0.08392262922466642,7.070148342559129,0.03081650286912918,7.100964845428258,0.03638770431280136,7.1065360468719305,alto
2023-10-20,7.216814897208397,1362.143576666666,0.06274392542460117,7.154070971783796,0.03277988359332085,7.186850855377116,0.030067820101976395,7.184138791885772,alto
2023-10-21,7.257695437244871,1418.9826316666658,0.04088054003647468,7.216814897208397,0.02637745440006256,7.243192351608459,0.030990242958068848,7.247805140166466,alto
2023-10-22,7.118453538588517,1234.5397883333337,-0.13924189865635483,7.257695437244871,0.007659950293600559,7.265355387538472,0.0191360916942358,7.276831528939107,alto
2023-10-23,7.205246534950032,1346.4766016666663,0.08679299636151505,7.118453538588517,0.04930004104971886,7.1677535796382355,0.087550088763237,7.206003627351754,alto
2023-10-24,7.296197169719987,1474.6812883333332,0.09095063476995513,7.205246534950032,0.04426383972167969,7.249510374671711,0.05738554894924164,7.262632083899273,alto
2023-10-25,6.868454643968523,961.4616166666669,-0.427742525751464,7.296197169719987,0.015196132473647594,7.311393302193634,0.02194914221763611,7.318146311937623,alto
2023-10-26,6.633503111401762,760.1403683333334,-0.23495153256676105,6.868454643968523,0.05604257434606552,6.924497218314588,0.008550716564059258,6.877005360532582,alto
2023-10-27,6.502425504216003,666.7568949999999,-0.1310776071857589,6.633503111401762,0.0019077933393418789,6.635410904741104,-0.00754800159484148,6.62595510980692,alto
2023-10-28,6.201380160411609,493.4295833333335,-0.30104534380439407,6.502425504216003,-0.05777344852685928,6.444652055689144,-0.09819559007883072,6.404229914137172,medio
2023-10-29,5.896125426884888,363.6258400000001,-0.30525473352672083,6.201380160411609,0.0044408803805708885,6.20582104079218,0.03756372630596161,6.23894388671757,medio
2023-10-30,6.28410662337821,535.98524,0.38798119649332197,5.896125426884888,0.226641446352005,6.122766873236893,0.18264204263687134,6.078767469521759,medio
2023-10-31,6.231744920713577,508.6422500000001,-0.05236170266463258,6.28410662337821,-0.005513361189514399,6.2785932621886955,-0.013930817134678364,6.2701758062435315,medio
2023-11-01,6.062449196465556,429.42589833333335,-0.16929572424802153,6.231744920713577,-0.04378033056855202,6.187964590145025,-0.016616923734545708,6.215127996979032,medio
2023-11-02,6.0312461245820765,416.233385,-0.03120307188347926,6.062449196465556,-0.019394120201468468,6.043055076264087,-0.020779630169272423,6.041669566296283,medio
2023-11-03,5.6692749865645595,289.82433166666664,-0.361971138017517,6.0312461245820765,-0.009607565589249134,6.021638558992827,0.0040281410329043865,6.035274265614981,medio
2023-11-04,6.138908857281517,463.5474983333333,0.46963387071695717,5.6692749865645595,0.0065494682639837265,5.675824454828543,0.009264424443244934,5.6785394110078045,medio
2023-11-05,5.705070872093436,300.38676833333335,-0.4338379851880809,6.138908857281517,0.0063354140147566795,6.145244271296273,0.02965044602751732,6.168559303309034,medio
2023-11-06,6.038730717254893,419.36041,0.3336598451614572,5.705070872093436,0.21234799921512604,5.917418871308562,0.2129403054714203,5.918011177564856,medio
2023-11-07,6.30686145635803,548.321315,0.2681307391031371,6.038730717254893,0.11270545423030853,6.1514361714852015,0.0904717743396759,6.129202491594569,medio
2023-11-08,6.157948448414175,472.4578083333334,-0.14891300794385476,6.30686145635803,0.0206538625061512,6.327515318864181,0.034878987818956375,6.3417404441769865,medio
2023-11-09,6.353472252398679,574.4840033333331,0.19552380398450353,6.157948448414175,0.03452049195766449,6.19246894037184,0.06719152629375458,6.22513997470793,alto
2023-11-10,6.443923683489295,628.8694499999998,0.09045143109061637,6.353472252398679,-0.012842947617173195,6.340629304781506,-0.01442955806851387,6.339042694330165,alto
2023-11-11,6.410420816634038,608.1495466666667,-0.033502866855257274,6.443923683489295,0.04013829305768013,6.484061976546975,0.059157516807317734,6.503081200296613,alto
2023-11-12,6.475420698141884,648.9922000000003,0.06499988150784564,6.410420816634038,-0.027345996350049973,6.383074820283988,-0.005872481502592564,6.404548335131445,alto
2023-11-13,6.495028407980782,661.8430266666668,0.01960770983889848,6.475420698141884,0.06198345869779587,6.5374041568396795,0.041245292872190475,6.516665991014074,alto
2023-11-14,6.716324246617105,825.776575,0.22129583863632263,6.495028407980782,0.07257775962352753,6.56760616760431,0.03388805314898491,6.528916461129767,alto
2023-11-15,6.67981294021672,796.1701666666668,-0.036511306400385024,6.716324246617105,0.000788699951954186,6.717112946569059,-0.0058103590272367,6.710513887589868,alto
2023-11-16,6.523891578903431,681.2242716666667,-0.15592136131328882,6.67981294021672,-0.025194281712174416,6.654618658504545,0.0068240687251091,6.686637008941829,alto
2023-11-17,6.476987162780165,650.0096200000004,-0.046904416123266124,6.523891578903431,-0.003509325673803687,6.520382253229627,-0.001400032895617187,6.522491546007814,alto
2023-11-18,6.066974814157898,431.37372000000005,-0.4100123486222671,6.476987162780165,-0.006857463624328375,6.470129699155836,-0.019860392436385155,6.45712677034378,medio
2023-11-19,5.8876265662500336,360.54853,-0.17934824790786408,6.066974814157898,0.0277006383985281,6.094675452556426,-0.002945926506072283,6.064028887651825,medio
2023-11-20,5.8295494303766215,340.2053583333333,-0.05807713587341201,5.8876265662500336,0.17532981932163239,6.062956385571666,0.1504572480916977,6.038083814341731,medio
2023-11-21,5.671675839888577,290.52099333333337,-0.1578735904880446,5.8295494303766215,0.06390854716300964,5.893457977539631,0.07022568583488464,5.899775116211506,medio
2023-11-22,5.987566810793479,398.44394000000005,0.3158909709049018,5.671675839888577,-0.007266012951731682,5.664409826936845,0.04222874343395233,5.713904583322529,medio
2023-11-23,6.040670934168457,420.17485000000005,0.05310412337497805,5.987566810793479,-0.009154921397566795,5.978411889395912,-0.02659965120255947,5.960967159590919,medio
2023-11-24,6.191865665328362,488.7571133333331,0.15119473115990534,6.040670934168457,-0.0009449022472836077,6.039726031921173,0.013578200712800026,6.054249134881257,medio
2023-11-25,5.92359799198141,373.7540616666666,-0.26826767334695223,6.191865665328362,-0.04968256130814552,6.142183104020217,-0.06367471069097519,6.128190954637387,medio
2023-11-26,5.83607061559686,342.43115000000006,-0.08752737638454988,5.92359799198141,0.02653082273900509,5.950128814720415,0.029756251722574234,5.953354243703984,medio
2023-11-27,6.235816146148982,510.7172683333334,0.3997455305521216,5.83607061559686,0.12380720674991608,5.959877822346776,0.11196978390216827,5.948040399499028,medio
2023-11-28,6.355300419455075,575.5352166666665,0.11948427330609324,6.235816146148982,0.02836110070347786,6.2641772468524595,-0.0011460890527814627,6.2346700570962,alto
2023-11-29,6.2797378728600775,533.6487616666669,-0.07556254659499739,6.355300419455075,0.030721426010131836,6.386021845465207,0.04653787240386009,6.401838291858935,medio
2023-11-30,6.485108502761556,655.3100633333332,0.2053706299014788,6.2797378728600775,0.01603325642645359,6.295771129286531,-0.003324023215100169,6.276413849644977,alto
2023-12-01,6.551627385384077,700.3830399999997,0.06651888262252115,6.485108502761556,0.007607562001794577,6.492716064763351,-0.013315101154148579,6.471793401607408,alto
2023-12-02,6.624943821360519,753.6618716666666,0.07331643597644177,6.551627385384077,0.015542864799499512,6.567170250183577,0.019804611802101135,6.5714319971861785,alto
2023-12-03,6.605699506968407,739.2968316666664,-0.01924431439211194,6.624943821360519,0.00679565267637372,6.631739474036893,0.002365194959565997,6.627309016320085,alto
2023-12-04,6.629063754607123,756.7733133333332,0.023364247638715696,6.605699506968407,0.08495289087295532,6.690652397841363,0.05331132560968399,6.659010832578091,alto
2023-12-05,6.687676160826072,802.4553066666667,0.05861240621894925,6.629063754607123,0.01802445389330387,6.647088208500427,-0.007028061896562576,6.62203569271056,alto
2023-12-06,6.700338256663462,812.6806733333332,0.012662095837390197,6.687676160826072,0.0128377890214324,6.700513949847505,-0.008221491239964962,6.679454669586107,alto
2023-12-07,6.696019671429637,809.1786100000003,-0.004318585233825445,6.700338256663462,0.00011344342783559114,6.700451700091298,-0.010410967282950878,6.6899272893805115,alto
2023-12-08,6.683312997182467,798.96169,-0.012706674247169758,6.696019671429637,-0.02232215739786625,6.673697514031771,-0.04531968757510185,6.650699983854535,alto
2023-12-09,6.781657366600624,881.5285299999999,0.0983443694181565,6.683312997182467,0.021340545266866684,6.704653542449334,0.013102209195494652,6.696415206377962,alto
2023-12-10,6.8064381703179935,903.646433333333,0.024780803717369793,6.781657366600624,-0.0007646765443496406,6.780892690056274,-0.010229893028736115,6.771427473571888,alto
2023-12-11,6.852917221619969,946.6384366666666,0.046479051301975716,6.8064381703179935,0.037450939416885376,6.843889109734879,0.028515227138996124,6.83495339745699,alto
2023-12-12,6.80554146651602,902.8364933333334,-0.04737575510394887,6.852917221619969,-0.006203469354659319,6.84671375226531,-0.004329390823841095,6.848587830796128,alto
2023-12-13,6.816279915030137,912.5837983333336,0.010738448514116428,6.80554146651602,-0.0022242856211960316,6.803317180894824,-0.01635744981467724,6.789184016701343,alto
2023-12-14,6.790274636350374,889.1577233333334,-0.026005278679762434,6.816279915030137,-0.012433318421244621,6.803846596608892,-0.02642868086695671,6.78985123416318,alto
2023-12-15,6.767327708959373,868.9866033333333,-0.02294692739100146,6.790274636350374,-0.013912445865571499,6.776362190484803,-0.03083493374288082,6.7594397026074935,alto
2023-12-16,6.735596846240856,841.8457866666671,-0.03173086271851666,6.767327708959373,0.005174859892576933,6.77250256885195,0.010511437430977821,6.777839146390351,alto
2023-12-17,6.6552025636258625,776.8152616666665,-0.0803942826149937,6.735596846240856,-0.05820384994149208,6.677392996299364,-0.0553026907145977,6.6802941555262585,alto
2023-12-18,6.634360753910532,760.7925766666667,-0.02084180971533023,6.6552025636258625,0.013978189788758755,6.669180753414621,0.005778714548796415,6.660981278174659,alto
2023-12-19,6.526197794953662,682.7971349999999,-0.10816295895687045,6.634360753910532,-0.04873050004243851,6.585630253868094,-0.08246084302663803,6.551899910883894,alto
2023-12-20,6.280901472653996,534.2700766666668,-0.2452963222996658,6.526197794953662,-0.08171629160642624,6.444481503347236,-0.11793450266122818,6.408263292292434,medio
2023-12-21,6.271536586571996,529.2900533333334,-0.009364886082000368,6.280901472653996,-0.05506150797009468,6.225839964683901,-0.12704876065254211,6.153852712001454,medio
2023-12-22,6.2003096308086905,492.9016349999997,-0.07122695576330518,6.271536586571996,-0.047302089631557465,6.224234496940438,-0.06359455734491348,6.207942029227082,medio
2023-12-23,6.223268164898931,504.3488366666667,0.022958534090240512,6.2003096308086905,-0.02411959320306778,6.176190037605623,-0.03841882199048996,6.1618908088182005,medio
2023-12-24,6.210002073624395,497.7022833333333,-0.013266091274536151,6.223268164898931,-0.0221279114484787,6.201140253450452,-0.03350519388914108,6.18976297100979,medio
2023-12-25,6.052623978829278,425.2273549999998,-0.1573780947951171,6.210002073624395,0.05731682479381561,6.26731889841821,0.004816423170268536,6.214818496794663,medio
2023-12-26,5.935462675979313,378.2149466666667,-0.11716130284996495,6.052623978829278,0.031525854021310806,6.0841498328505885,0.004934684373438358,6.057558663202716,medio
2023-12-27,6.036805300641113,418.55374333333333,0.10134262466180033,5.935462675979313,-0.03109067492187023,5.9043720010574425,-0.016849342733621597,5.918613333245691,medio
2023-12-28,5.938233174104382,379.26424333333324,-0.0985721265367312,6.036805300641113,-0.02703816443681717,6.009767136204296,-0.04314137622714043,5.993663924413973,medio
2023-12-29,5.81666951979581,335.8516416666666,-0.12156365430857186,5.938233174104382,-0.03293510526418686,5.905298068840195,-0.008679247461259365,5.9295539266431225,medio
2023-12-30,4.81836312711576,123.76234166666664,-0.9983063926800497,5.81666951979581,-0.01660897210240364,5.800060547693406,0.055870696902275085,5.872540216698085,bajo
2023-12-31,5.201375701595287,181.52178999999992,0.38301257447952697,4.81836312711576,0.16443267464637756,4.982795801762138,0.1125359907746315,4.930899117890392,bajo
2024-01-01,5.4034735438301995,222.17681833333336,0.20209784223491223,5.201375701595287,0.10479475557804108,5.306170457173328,0.08082602918148041,5.282201730776768,bajo
2024-01-02,5.949699234539237,383.6379366666668,0.5462256907090373,5.4034735438301995,0.13494567573070526,5.538419219560905,0.14253780245780945,5.546011346288009,medio
2024-01-03,6.135809947633017,462.11323000000016,0.1861107130937798,5.949699234539237,0.056831736117601395,6.006530970656838,0.052315276116132736,6.0020145106553695,medio
2024-01-04,6.323741403152603,557.6555083333333,0.18793145551958634,6.135809947633017,0.04267377778887749,6.178483725421894,0.07741047441959381,6.21322042205261,medio
2024-01-05,6.435144130444201,623.3724233333331,0.1114027272915985,6.323741403152603,0.029316600412130356,6.353058003564733,0.052695270627737045,6.37643667378034,alto
2024-01-06,6.440541634107933,626.7461749999999,0.005397503663731484,6.435144130444201,-0.017624925822019577,6.417519204622182,-0.008318712003529072,6.426825418440672,alto
2024-01-07,6.451729913012645,633.7977600000003,0.011188278904712412,6.440541634107933,0.05522051453590393,6.495762148643837,0.07761730998754501,6.518158944095478,alto
2024-01-08,6.455674314932258,636.3026499999997,0.003944401919612872,6.451729913012645,0.08391240984201431,6.53564232285466,0.05979185178875923,6.5115217648014045,alto
2024-01-09,6.537522175271461,690.5733366666668,0.08184786033920322,6.455674314932258,0.09529989957809448,6.550974214510353,0.08778150379657745,6.543455818728836,alto
2024-01-10,6.499016342741992,664.4876833333336,-0.03850583252946915,6.537522175271461,0.04345555230975151,6.580977727581213,0.05001530796289444,6.587537483234356,alto
2024-01-11,6.531048507197071,686.1172333333335,0.03203216445507895,6.499016342741992,0.015638412907719612,6.514654755649712,0.035108838230371475,6.534125180972364,alto
2024-01-12,6.500236598737345,665.2990233333336,-0.030811908459726034,6.531048507197071,0.013531006872653961,6.544579514069725,0.02445213496685028,6.5555006421639215,alto
2024-01-13,6.470984682714357,646.1196366666666,-0.02925191602298849,6.500236598737345,-0.007442498579621315,6.492794100157724,-0.00506537826731801,6.495171220470027,alto
2024-01-14,6.4186329098159325,613.16429,-0.05235177289842419,6.470984682714357,-0.008840502239763737,6.462144180474593,-0.023207981139421463,6.447776701574935,alto
2024-01-15,6.419918733604891,613.9532183333337,0.0012858237889581403,6.4186329098159325,0.04600023478269577,6.464633144598628,0.014046010561287403,6.43267892037722,alto
2024-01-16,6.412114170833748,609.1802316666665,-0.00780456277114272,6.419918733604891,0.02790471352636814,6.447823447131259,0.030554182827472687,6.450472916432363,alto
2024-01-17,6.377021992237245,588.1735116666666,-0.0350921785965026,6.412114170833748,0.02223937399685383,6.434353544830602,0.016930239275097847,6.429044410108846,alto
2024-01-18,6.314184637088423,552.3515100000003,-0.06283735514882238,6.377021992237245,0.029160151258111,6.406182143495356,0.011289788410067558,6.388311780647313,medio
2024-01-19,6.292815522993509,540.6734666666665,-0.021369114094913932,6.314184637088423,0.01717979833483696,6.33136443542326,0.01162068173289299,6.325805318821316,medio
2024-01-20,6.265092978130633,525.89048,-0.027722544862876397,6.292815522993509,0.010641231201589108,6.303456754195098,-0.004376483149826527,6.2884390398436825,medio
2024-01-21,6.220362264740961,502.8853766666667,-0.04473071338967127,6.265092978130633,0.0007977882050909102,6.2658907663357235,0.007336511742323637,6.272429489872956,medio
2024-01-22,6.21945726220027,502.4304699999998,-0.0009050025406915907,6.220362264740961,0.039933979511260986,6.260296244252222,0.02553095482289791,6.245893219563859,medio
2024-01-23,6.203453196531214,494.4535416666667,-0.016004065669055656,6.21945726220027,0.02908419258892536,6.248541454789195,0.01951817236840725,6.238975434568677,medio
2024-01-24,6.1945163985485605,490.0543966666667,-0.008936797982653566,6.203453196531214,0.022000499069690704,6.225453695600905,0.04640650376677513,6.249859700297989,medio
2024-01-25,6.175255991837171,480.7060649999999,-0.019260406711389066,6.1945163985485605,0.008960968814790249,6.203477367363351,0.04227151721715927,6.23678791576572,medio
2024-01-26,6.101361118043917,446.4650483333334,-0.07389487379325477,6.175255991837171,-0.009656913578510284,6.165599078258661,0.0013567761052399874,6.176612767942411,medio
2024-01-27,6.147913722654648,467.7405316666666,0.04655260461073141,6.101361118043917,-0.0021435327362269163,6.09921758530769,0.009956073015928268,6.111317191059845,medio
2024-01-28,6.27151154012988,529.2767966666669,0.12359781747523169,6.147913722654648,0.012838831171393394,6.1607525538260415,0.013958236202597618,6.161871958857246,medio
2024-01-29,6.393873264208075,598.168965,0.12236172407819534,6.27151154012988,0.06307777017354965,6.334589310303429,0.0470040924847126,6.318515632614592,alto
2024-01-30,6.4430918454755375,628.3465499999996,0.04921858126746237,6.393873264208075,0.022757582366466522,6.416630846574542,0.04085255414247513,6.43472581835055,alto
2024-01-31,6.458454606255089,638.0742183333334,0.015362760779551898,6.4430918454755375,0.01902555488049984,6.462117400356037,0.022439241409301758,6.465531086884839,alto
2024-02-01,6.5427696347373,694.2066166666668,0.08431502848221051,6.458454606255089,0.014388117007911205,6.472842723263001,0.007498994469642639,6.465953600724732,alto
2024-02-02,6.53828616134731,691.1011266666669,-0.004483473389989889,6.5427696347373,0.010000741109251976,6.552770375846552,0.012274488806724548,6.555044123544024,alto
2024-02-03,6.506616454000874,669.5571033333337,-0.031669707346435594,6.53828616134731,-0.0227042268961668,6.515581934451143,-0.030438972637057304,6.507847188710253,alto
2024-02-04,6.429149783535971,619.6468899999999,-0.07746667046490341,6.506616454000874,-0.01485307514667511,6.491763378854199,-0.013262779451906681,6.493353674548968,alto
2024-02-05,6.43697333893111,624.5137449999996,0.007823555395138904,6.429149783535971,0.0019360961159691215,6.43108587965194,-0.011148305609822273,6.418001477926149,alto
2024-02-06,6.319907927238608,555.5218416666663,-0.11706541169250162,6.43697333893111,-0.06349235028028488,6.373480988650825,-0.08131176978349686,6.355661569147613,medio
2024-02-07,6.3265858120539615,559.2439666666666,0.006677884815353252,6.319907927238608,-0.04011893644928932,6.279788990789319,-0.05637019872665405,6.263537728511954,medio
2024-02-08,6.058416781800106,427.69776166666674,-0.26816903025385574,6.3265858120539615,-0.07237289845943451,6.254212913594527,-0.08789486438035965,6.238690947673602,medio
2024-02-09,6.244337918401829,515.0880816666667,0.18592113660172327,6.058416781800106,-0.06648363918066025,5.9919331426194455,-0.10572947561740875,5.952687306182697,medio
2024-02-10,6.280166836461473,533.8777266666665,0.03582891805964383,6.244337918401829,-0.05606972798705101,6.188268190414778,-0.03312832489609718,6.211209593505732,medio
2024-02-11,6.298962267604505,544.0070833333333,0.018795431143032282,6.280166836461473,-0.004419601522386074,6.275747234939087,0.011225245893001556,6.2913920823544744,medio
2024-02-12,6.349711607124385,572.3276299999998,0.05074933951987948,6.298962267604505,0.06802740693092346,6.366989674535429,0.023504862561821938,6.322467130166327,alto
2024-02-13,6.390841420581289,596.3581566666663,0.04112981345690425,6.349711607124385,0.020952114835381508,6.370663721959766,0.02144673280417919,6.371158339928564,alto
2024-02-14,6.393482771532111,597.9354299999997,0.0026413509508218525,6.390841420581289,0.024801557883620262,6.415642978464909,0.02625936083495617,6.417100781416245,alto
2024-02-15,6.389724387283437,595.6923766666666,-0.0037583842486741403,6.393482771532111,0.032627832144498825,6.42611060367661,0.032038331031799316,6.42552110256391,alto
2024-02-16,6.289806135762731,539.0488166666665,-0.09991825152070533,6.389724387283437,0.018407458439469337,6.408131845722906,0.022239765152335167,6.411964152435772,medio
2024-02-17,6.3395725628173905,566.5540933333334,0.04976642705465917,6.289806135762731,0.004907823633402586,6.294713959396134,0.026366161182522774,6.316172296945254,alto
2024-02-18,6.309486045433441,549.7623233333335,-0.03008651738394974,6.3395725628173905,-0.01993626542389393,6.3196362973934965,-0.02560797519981861,6.313964587617572,medio
2024-02-19,6.350604955955505,572.8391466666668,0.041118910522063956,6.309486045433441,0.06294906139373779,6.3724351068271785,0.023985665291547775,6.3334717107249885,alto
2024-02-20,6.365307692956235,581.3236700000002,0.014702737000730437,6.350604955955505,0.006255612708628178,6.356860568664133,0.007054646499454975,6.35765960245496,alto
2024-02-21,6.398845768298415,601.1507700000001,0.033538075342179674,6.365307692956235,0.019162969663739204,6.384470662619974,0.015470830723643303,6.380778523679878,alto
2024-02-22,6.226537202884161,506.00026999999983,-0.1723085654142542,6.398845768298415,0.005514774937182665,6.4043605432355974,-0.004201263654977083,6.394644504643438,medio
2024-02-23,6.344002488774606,569.0694533333334,0.11746528589044569,6.226537202884161,-0.004945873282849789,6.221591329601311,-0.0015773512423038483,6.224959851641857,alto
2024-02-24,6.373508759206906,586.1107466666665,0.02950627043230014,6.344002488774606,-0.013970533385872841,6.330031955388733,-0.01797354593873024,6.326028942835876,alto
2024-02-25,6.320680610550364,555.95125,-0.05282814865654206,6.373508759206906,-0.008716382086277008,6.364792377120629,-0.0013306565815582871,6.372178102625348,medio
2024-02-26,6.335798501661946,564.4199133333333,0.015117891111581905,6.320680610550364,0.04415019229054451,6.364830802840909,0.03404940292239189,6.354730013472756,alto
2024-02-27,6.280850145859545,534.2426549999998,-0.054948355802401316,6.335798501661946,0.00022969505516812205,6.336028196717114,0.003569080028682947,6.339367581690629,medio
2024-02-28,6.159754234125701,473.31173666666655,-0.12109591173384437,6.280850145859545,-0.004030371550470591,6.276819774309074,0.0019772921223193407,6.282827437981864,medio
2024-02-29,6.206406886900868,495.9161633333335,0.04665265277516717,6.159754234125701,0.029496192932128906,6.1892504270578295,0.04319591075181961,6.20295014487752,medio
2024-03-01,6.181630168352587,483.7799566666668,-0.024776718548280563,6.206406886900868,0.036518629640340805,6.2429255165412085,0.050721507519483566,6.257128394420351,medio
2024-03-02,6.200769877041159,493.1285433333335,0.019139708688571844,6.181630168352587,0.059030480682849884,6.240660649035437,0.06070193275809288,6.24233210111068,medio
2024-03-03,6.159507090200497,473.1947749999999,-0.04126278684066165,6.200769877041159,0.029895957559347153,6.230665834600506,0.03891388326883316,6.239683760309992,medio
2024-03-04,6.182754720220261,484.32429833333345,0.023247630019763932,6.159507090200497,0.05397690832614899,6.213483998526646,0.03829265758395195,6.197799747784449,medio
2024-03-05,6.290072303809045,539.192313333333,0.10731758358878363,6.182754720220261,0.028064824640750885,6.210819544861012,0.03789489343762398,6.220649613657885,medio
2024-03-06,6.294570387477623,541.6231083333334,0.004498083668577735,6.290072303809045,0.018083587288856506,6.308155891097901,0.03894403949379921,6.329016343302844,medio
2024-03-07,6.330879648656083,561.6504316666666,0.03630926117846034,6.294570387477623,0.023463774472475052,6.318034161950098,0.032448481768369675,6.327018869245992,medio
2024-03-08,6.2941092379357,541.3733966666667,-0.036770410720382785,6.330879648656083,0.01345565915107727,6.34433530780716,0.012233031913638115,6.343112680569721,medio
2024-03-09,6.299039239742736,544.0489583333334,0.004930001807036177,6.2941092379357,0.014757352881133556,6.308866590816834,0.02103501372039318,6.315144251656093,medio
2024-03-10,6.325780517204172,558.7937916666666,0.02674127746143551,6.299039239742736,0.0017375919269397855,6.300776831669676,-0.011134419590234756,6.287904820152502,medio
2024-03-11,6.3250513003183855,558.3864583333333,-0.0007292168857864212,6.325780517204172,0.034161098301410675,6.359941615505583,0.05319439247250557,6.3789749096766775,medio
2024-03-12,6.368787814970737,583.3502716666668,0.04373651465235184,6.3250513003183855,-0.0003694998158607632,6.324681800502525,0.014654150232672691,6.339705450551058,alto
2024-03-13,6.352821323312714,574.1101766666667,-0.01596649165802333,6.368787814970737,-0.0001614555949345231,6.368626359375803,0.0037246604915708303,6.372512475462308,alto
2024-03-14,6.289072067677616,538.6532633333335,-0.06374925563509759,6.352821323312714,0.010740247555077076,6.363561570867791,0.005506311543285847,6.358327634856,medio
2024-03-15,6.324301944626797,557.9681850000001,0.035229876949181005,6.289072067677616,-9.63394995778799e-05,6.2889757281780385,0.012867473997175694,6.301939541674792,medio
2024-03-16,6.35265068529156,574.0122199999996,0.028348740664762673,6.324301944626797,0.015960119664669037,6.340262064291466,0.0051703182980418205,6.329472262924839,alto
2024-03-17,6.365598572913666,581.4927900000001,0.01294788762210608,6.35265068529156,0.01231230515986681,6.364962990451427,0.011028286069631577,6.363678971361192,alto
2024-03-18,6.268661435385555,527.77045,-0.09693713752811117,6.365598572913666,0.03590572252869606,6.401504295442362,0.024616802111268044,6.390215375024934,medio
2024-03-19,6.418022288876171,612.7899933333332,0.14936085349061567,6.268661435385555,0.019955264404416084,6.288616699789971,0.059517379850149155,6.328178815235704,alto
2024-03-20,6.436413258490279,624.1640650000002,0.018390969614108243,6.418022288876171,0.01861122064292431,6.436633509519095,0.012096783146262169,6.430119072022433,alto
2024-03-21,6.482797953445665,653.7976850000003,0.04638469495538633,6.436413258490279,0.017043601721525192,6.453456860211804,0.032441068440675735,6.468854326930955,alto
2024-03-22,6.561628815587949,707.4230183333334,0.07883086214228374,6.482797953445665,-7.954744796734303e-05,6.482718405997698,0.010272109881043434,6.493070063326709,alto
2024-03-23,6.5727948193833035,715.3663716666666,0.011166003795354484,6.561628815587949,0.004463762976229191,6.566092578564178,0.023876946419477463,6.585505762007426,alto
2024-03-24,6.479949370790804,651.9379383333334,-0.09284544859249966,6.5727948193833035,-0.0157321747392416,6.557062644644062,-0.02040589042007923,6.552388928963224,alto
2024-03-25,6.601128664307188,735.9253333333335,0.12117929351638423,6.479949370790804,0.016260895878076553,6.49621026666888,0.05538259074091911,6.535331961531723,alto
2024-03-26,6.726920416510311,834.5731666666667,0.12579175220312333,6.601128664307188,-0.001289208885282278,6.599839455421906,-0.00986758153885603,6.591261082768332,alto
2024-03-27,6.826399052353496,921.8652399999995,0.09947863584318473,6.726920416510311,0.006515792105346918,6.733436208615658,0.014440152794122696,6.741360569304434,alto
2024-03-28,6.747092147993218,851.5788933333337,-0.0793069043602781,6.826399052353496,-0.00013889363617636263,6.82626015871732,0.025932783260941505,6.852331835614438,alto
2024-03-29,6.70021513389684,812.5806200000001,-0.04687701409637768,6.747092147993218,-0.01249261386692524,6.734599534126293,0.009850623086094856,6.756942771079313,alto
2024-03-30,6.626910081745321,755.1452249999999,-0.07330505215151906,6.70021513389684,-0.017749611288309097,6.682465522608531,-0.005749723874032497,6.694465410022808,alto
2024-03-31,6.568049366997097,711.9796766666665,-0.058860714748224296,6.626910081745321,0.004260130226612091,6.631170211971933,0.022828469052910805,6.649738550798232,alto
2024-04-01,6.750649321899385,854.6135016666668,0.18259995490228764,6.568049366997097,0.010029199533164501,6.5780785665302615,0.02770267054438591,6.595752037541483,alto
2024-04-02,6.939036044395691,1031.7751499999997,0.18838672249630672,6.750649321899385,0.04312803968787193,6.7937773615872565,0.04663916304707527,6.79728848494646,alto
2024-04-03,7.118619164193686,1234.7442766666663,0.17958311979799468,6.939036044395691,0.019103141501545906,6.958139185897237,0.03852316737174988,6.977559211767441,alto
2024-04-04,6.986812159349114,1082.2658800000004,-0.13180700484457208,7.118619164193686,-0.021910706534981728,7.096708457658704,-0.024039054289460182,7.094580109904226,alto
2024-04-05,6.881219675084462,973.8133716666671,-0.10559248426465206,6.986812159349114,-0.038598764687776566,6.948213394661337,-0.03604906052350998,6.950763098825604,alto
2024-04-06,6.486435641920582,656.1803283333335,-0.3947840331638801,6.881219675084462,-0.004408176988363266,6.876811498096099,-0.0032160016708076,6.878003673413654,alto
2024-04-07,6.451106070524536,633.402493333333,-0.03532957139604598,6.486435641920582,0.06841932237148285,6.554854964292065,0.019370798021554947,6.505806439942137,alto
2024-04-08,6.810407585856603,907.2405099999996,0.3593015153320671,6.451106070524536,0.08905056864023209,6.540156639164768,0.1341267228126526,6.585232793337188,alto
2024-04-09,6.900904913716795,993.1730450000003,0.09049732786019238,6.810407585856603,-0.01728253811597824,6.793125047740625,-0.026525957509875298,6.783881628346728,alto
2024-04-10,6.85698753769543,950.4994066666668,-0.043917376021365584,6.900904913716795,0.015015961602330208,6.9159208753191255,0.011911913752555847,6.912816827469351,alto
2024-04-11,6.938380108284129,1031.0985933333334,0.08139257058869909,6.85698753769543,0.028615357354283333,6.885602895049713,0.04195081442594528,6.898938352121375,alto
2024-04-12,6.943631011291352,1036.5270316666672,0.005250903007222973,6.938380108284129,0.04145331680774689,6.979833425091876,0.07389063388109207,7.012270742165221,alto
2024-04-13,6.926177339355117,1018.5927933333329,-0.017453671936234372,6.943631011291352,0.012454762123525143,6.956085773414877,0.0011847757268697023,6.944815787018221,alto
2024-04-14,6.942296729712075,1035.144935,0.016119390356957197,6.926177339355117,0.017504217103123665,6.943681556458241,0.03359610587358475,6.959773445228702,alto
2024-04-15,6.983769841484445,1078.9782866666671,0.041473111772370785,6.942296729712075,0.07262406498193741,7.014920794694012,0.06304357200860977,7.005340301720684,alto
2024-04-16,7.000158201959297,1096.8066616666665,0.016388360474851815,6.983769841484445,0.021419456228613853,7.005189297713059,0.021876875311136246,7.005646716795582,alto
2024-04-17,6.950150291660365,1043.3065166666665,-0.050007910298932146,7.000158201959297,0.0264702457934618,7.026628447752759,0.025858305394649506,7.026016507353947,alto
2024-04-18,6.945503358663334,1038.4695883333327,-0.004646932997030895,6.950150291660365,0.016882961615920067,6.967033253276285,0.01674545928835869,6.966895750948724,alto
2024-04-19,6.904748665312348,996.9979016666666,-0.04075469335098614,6.945503358663334,-0.013959634117782116,6.931543724545552,-0.043856699019670486,6.901646659643664,alto
2024-04-20,6.885317168549176,977.8117516666663,-0.019431496763171907,6.904748665312348,-0.015600197948515415,6.889148467363833,-0.005376510787755251,6.899372154524593,alto
2024-04-21,6.40464311595269,604.6459716666667,-0.4806740525964859,6.885317168549176,-0.03403478115797043,6.851282387391206,-0.05665755644440651,6.82865961210477,alto
2024-04-22,6.329325096362796,560.7779950000003,-0.07531801958989437,6.40464311595269,0.17119033634662628,6.5758334522993165,0.1440507471561432,6.548693863108833,medio
2024-04-23,6.09056646855943,441.67153333333323,-0.23875862780336554,6.329325096362796,-0.09579242765903473,6.233532668703761,-0.10884631425142288,6.220478782111373,medio
2024-04-24,5.285551300981958,197.463015,-0.8050151675774719,6.09056646855943,-0.05755376070737839,6.033012707852052,-0.04573061689734459,6.044835851662086,bajo
2024-04-25,5.475812614873873,238.84447666666665,0.1902613138919147,5.285551300981958,-0.06650837510824203,5.219042925873716,-0.0773693323135376,5.208181968668421,bajo
2024-04-26,5.370150738878904,214.89525833333337,-0.10566187599496946,5.475812614873873,-0.05481497198343277,5.42099764289044,5.1899958634749055e-05,5.475864514832508,bajo
2024-04-27,5.074331158214771,159.86523166666663,-0.2958195806641326,5.370150738878904,-0.037652451545000076,5.3324982873339035,0.03950442001223564,5.409655158891139,bajo
2024-04-28,4.671748344400645,106.88445,-0.4025828138141261,5.074331158214771,-0.02635946497321129,5.04797169324156,0.060676246881484985,5.135007405096256,bajo
2024-04-29,4.913303057979971,136.08817999999994,0.24155471357932612,4.671748344400645,0.2333729863166809,4.905121330717326,0.21616901457309723,4.887917358973742,bajo
2024-04-30,4.845168704251695,127.12472666666662,-0.0681343537282757,4.913303057979971,-0.04490404576063156,4.8683990122193395,0.05730501562356949,4.9706080736035405,bajo
2024-05-01,4.995326363670187,147.72114833333336,0.15015765941849146,4.845168704251695,-0.04646480455994606,4.798703899691749,0.047235604375600815,4.892404308627296,bajo
2024-05-02,5.2626061352861235,192.98377833333333,0.26727977161593675,4.995326363670187,0.1553725302219391,5.150698893892126,0.17433838546276093,5.169664749132948,bajo
2024-05-03,5.619715401371536,275.8108766666668,0.3571092660854127,5.2626061352861235,-0.036325160413980484,5.226280974872143,0.07075273245573044,5.333358867741854,medio
2024-05-04,5.771771566969804,321.10608999999994,0.1520561655982675,5.619715401371536,-0.00802315678447485,5.611692244587061,0.06047666817903519,5.680192069550571,medio
2024-05-05,5.743072779405025,312.02171333333314,-0.02869878756477906,5.771771566969804,-0.09897463023662567,5.672796936733178,-0.008601180277764797,5.763170386692039,medio
2024-05-06,5.717599988276742,304.1740249999999,-0.0254727911282826,5.743072779405025,-0.0046116868034005165,5.738461092601624,-0.011016844771802425,5.732055934633222,medio
2024-05-07,5.662126179657773,287.7598216666667,-0.05547380861896922,5.717599988276742,0.0088997483253479,5.72649973660209,0.028340307995676994,5.745940296272419,medio
2024-05-08,5.677961788112929,292.35294500000003,0.015835608455156525,5.662126179657773,-0.01245096791535616,5.649675211742417,0.026246055960655212,5.688372235618428,medio
2024-05-09,5.569416664160625,262.28105666666664,-0.10854512395230476,5.677961788112929,-0.058204278349876404,5.619757509763053,-0.024593619629740715,5.653368168483189,bajo
2024-05-10,5.5040439322586785,245.68345333333323,-0.06537273190194615,5.569416664160625,-0.08459515869617462,5.48482150546445,-0.038640592247247696,5.530776071913377,bajo
2024-05-11,5.412285014341691,224.14317333333327,-0.09175891791698731,5.5040439322586785,-0.07414603978395462,5.429897892474724,-0.06897646933794022,5.435067462920738,bajo
2024-05-12,4.951324848649432,141.3621233333333,-0.46096016569225906,5.412285014341691,-0.06882369518280029,5.343461319158891,-0.061050668358802795,5.351234345982888,bajo
2024-05-13,5.259166561617786,192.3211366666667,0.3078417129683535,4.951324848649432,0.23112793266773224,5.182452781317164,0.12397975474596024,5.075304603395392,bajo
2024-05-14,5.407318442317773,223.03271000000007,0.14815188069998708,5.259166561617786,0.062181297689676285,5.321347859307462,0.10893268138170242,5.368099242999488,bajo
2024-05-15,5.345987983623505,209.76502666666667,-0.06133045869426734,5.407318442317773,0.02393481321632862,5.431253255534101,0.05870399996638298,5.466022442284156,bajo
2024-05-16,5.383027503269784,217.68030666666667,0.03703951964627894,5.345987983623505,-0.026631303131580353,5.319356680491925,-0.006015975959599018,5.339972007663906,bajo
2024-05-17,5.5643098870805705,260.94505999999996,0.1812823838107862,5.383027503269784,-0.011287575587630272,5.371739927682154,0.009278051555156708,5.392305554824941,bajo
2024-05-18,5.552031686857071,257.7607133333333,-0.012278200223499347,5.5643098870805705,0.006701745558530092,5.571011632639101,0.03665780648589134,5.600967693566462,bajo
2024-05-19,5.28135388855049,196.63591833333328,-0.2706777983065809,5.552031686857071,-0.0703236386179924,5.481708048239079,-0.0725933238863945,5.479438362970677,bajo
2024-05-20,5.660585915402119,287.31693666666666,0.3792320268516285,5.28135388855049,0.1536075919866562,5.4349614805371464,0.12276477366685867,5.404118662217349,medio
2024-05-21,5.6287984419503925,278.32749000000007,-0.03178747345172628,5.660585915402119,-0.012662753462791443,5.647923161939327,0.036894410848617554,5.697480326250736,medio
2024-05-22,5.904716049198982,366.76306833333336,0.2759176072485898,5.6287984419503925,-0.024895930662751198,5.603902511287641,0.030904700979590416,5.659703142929983,medio
2024-05-23,5.942719021942215,380.9693866666666,0.03800297274323228,5.904716049198982,-0.0326736755669117,5.872042373632071,-0.029680658131837845,5.8750353910671445,medio
2024-05-24,6.114876252778985,452.5400433333335,0.17215723083677048,5.942719021942215,-0.028991451486945152,5.913727570455269,0.03532649204134941,5.978045513983564,medio
2024-05-25,6.158247961168807,472.5993366666667,0.04337170838982196,6.114876252778985,0.00043948704842478037,6.11531573982741,0.020203109830617905,6.135079362609603,medio
2024-05-26,5.888625142444119,360.90874499999995,-0.2696228187246881,6.158247961168807,-0.08961068093776703,6.06863728023104,-0.02598860114812851,6.1322593600206785,medio
2024-05-27,6.089807906260244,441.33662500000014,0.2011827638161252,5.888625142444119,0.13109728693962097,6.01972242938374,0.13709113001823425,6.025716272462353,medio
2024-05-28,6.041645806747356,420.5846666666666,-0.04816209951288819,6.089807906260244,-0.034442752599716187,6.055365153660528,-0.06933584809303284,6.020472058167211,medio
2024-05-29,6.131351514275911,460.05751499999997,0.08970570752855522,6.041645806747356,0.004661242477595806,6.046307049224952,0.05437414348125458,6.0960199502286105,medio
2024-05-30,5.820812634380018,337.24600000000004,-0.31053887989589324,6.131351514275911,-0.12389542162418365,6.0074560926517275,-0.07276604324579239,6.058585471030119,medio
2024-05-31,5.365296126629237,213.85455333333334,-0.45551650775078123,5.820812634380018,-0.047704581171274185,5.773108053208744,-0.0035501953680068254,5.817262439012011,bajo
2024-06-01,5.451975010567399,233.21832000000003,0.0866788839381627,5.365296126629237,-0.021807575598359108,5.343488551030878,-0.022116946056485176,5.3431791805727515,bajo
2024-06-02,5.471540421107565,237.82626333333326,0.019565410540165473,5.451975010567399,-0.0044244728051126,5.447550537762287,-0.02584623545408249,5.426128775113317,bajo
2024-06-03,5.547563229043418,256.6114900000001,0.07602280793585336,5.471540421107565,0.1220124140381813,5.593552835145746,0.14618845283985138,5.617728873947416,bajo
2024-06-04,5.724365695902446,306.238955,0.17680246685902734,5.547563229043418,0.050206687301397324,5.597769916344816,0.07624317705631256,5.623806406099731,medio
2024-06-05,5.978643148974368,394.90417833333345,0.2542774530719223,5.724365695902446,-0.08676084876060486,5.637604847141841,-0.033340759575366974,5.691024936327079,medio
2024-06-06,5.887196712035009,360.39358,-0.09144643693935883,5.978643148974368,-0.030511897057294846,5.948131251917073,-0.011002660728991032,5.967640488245377,medio
2024-06-07,5.857947040101339,350.00486,-0.029249671933669674,5.887196712035009,-0.04234694689512253,5.8448497651398865,-0.05056672915816307,5.836629982876846,medio
2024-06-08,5.915185049668176,370.62287999999995,0.057238009566837,5.857947040101339,-0.018029268831014633,5.839917771270325,-0.01227111741900444,5.845675922682335,medio
2024-06-09,5.731277001035816,308.3627966666666,-0.1839080486323601,5.915185049668176,-0.05076915770769119,5.864415891960485,-0.03366803377866745,5.881517015889509,medio
2024-06-10,5.710513382298734,302.02608333333325,-0.020763618737082545,5.731277001035816,0.06400064378976822,5.7952776448255845,0.0049109808169305325,5.736187981852747,medio
2024-06-11,5.723163520724774,305.8710233333334,0.012650138426040236,5.710513382298734,0.05261868238449097,5.763132064683225,0.023101806640625,5.733615188939359,medio
2024-06-12,5.807821207143409,332.8930300000001,0.0846576864186348,5.723163520724774,0.0222371444106102,5.745400665135384,0.027006423100829124,5.750169943825603,medio
2024-06-13,5.887484134225615,360.49718000000007,0.07966292708220646,5.807821207143409,0.0026150925550609827,5.81043629969847,0.025243673473596573,5.833064880617005,medio
2024-06-14,5.917891909842094,371.6274633333335,0.030407775616478894,5.887484134225615,-0.00037361064460128546,5.887110523581014,0.03142057731747627,5.9189047115430915,medio
2024-06-15,5.67623821846455,291.8494883333334,-0.241653691377544,5.917891909842094,-0.006309155374765396,5.911582754467329,0.012380401603877544,5.930272311445972,medio
2024-06-16,5.615237619459342,274.57861666666673,-0.061000599005208045,5.67623821846455,-7.369888771791011e-05,5.676164519576832,0.009933626279234886,5.686171844743785,medio
2024-06-17,5.529961571378098,252.1342216666666,-0.08527604808124423,5.615237619459342,-0.03838656470179558,5.5768510547575465,-0.06687860935926437,5.548359010100078,bajo
2024-06-18,5.485000246154568,241.0490033333333,-0.04496132522352969,5.529961571378098,0.018324309960007668,5.5482858813381055,-0.01396554708480835,5.5159960242932895,bajo
2024-06-19,5.74080326976327,311.3143800000001,0.2558030236087019,5.485000246154568,0.0008581051370128989,5.485858351291581,-0.013822510838508606,5.4711777353160596,medio
2024-06-20,5.755062415065699,315.78525666666667,0.014259145302428777,5.74080326976327,0.00767747825011611,5.748480748013386,-0.04220418632030487,5.698599083442965,medio
2024-06-21,5.387182411932355,218.58662999999999,-0.3678800031333438,5.755062415065699,-0.053420182317495346,5.7016422327482035,-0.03230807185173035,5.7227543432139685,bajo
2024-06-22,5.563164507663159,260.6463499999999,0.17598209573080403,5.387182411932355,0.0144897336140275,5.4016721455463825,0.014497460797429085,5.401679872729784,bajo
2024-06-23,5.253379404361929,191.21135833333324,-0.30978510330123044,5.563164507663159,0.07452112436294556,5.637685632026105,0.07298696041107178,5.636151468074231,bajo
2024-06-24,5.45576237838571,234.10327833333326,0.2023829740237817,5.253379404361929,0.13829022645950317,5.391669630821432,0.10087906569242477,5.354258470054353,bajo
2024-06-25,5.586056549868961,266.68189666666666,0.13029417148325084,5.45576237838571,0.029866624623537064,5.485629003009247,-0.013337722979485989,5.442424655406224,medio
2024-06-26,5.576618935576657,264.1768949999999,-0.009437614292304275,5.586056549868961,0.058064475655555725,5.644121025524517,0.07262775301933289,5.658684302888294,medio
2024-06-27,5.63187664438328,279.1855583333333,0.055257708806623285,5.576618935576657,-0.06414079666137695,5.51247813891528,-0.003795936005190015,5.572822999571467,medio
2024-06-28,5.369827172341163,214.82573666666664,-0.2620494720421176,5.63187664438328,-0.013424587436020374,5.61845205694726,-0.04126841202378273,5.590608232359497,bajo
2024-06-29,5.291441448175197,198.62953333333337,-0.07838572416596534,5.369827172341163,0.05970115587115288,5.4295283282123155,0.07959964126348495,5.4494268136046475,bajo
2024-06-30,4.745493275238714,115.06454999999998,-0.545948172936483,5.291441448175197,0.0674990564584732,5.35894050463367,0.0270296111702919,5.318471059345489,bajo
2024-07-01,4.853224290369564,128.15292666666667,0.1077310151308497,4.745493275238714,0.3194551169872284,5.064948392225943,0.29743507504463196,5.042928350283346,bajo
2024-07-02,5.109118454870098,165.52437333333327,0.2558941645005337,4.853224290369564,0.1913742572069168,5.044598547576481,0.2008579969406128,5.054082287310177,bajo
2024-07-03,5.232958153179149,187.34618333333333,0.12383969830905173,5.109118454870098,0.04810972511768341,5.157228179987781,0.05513275787234306,5.164251212742441,bajo
2024-07-04,5.343668863367027,209.27912,0.11071071018787748,5.232958153179149,0.041708603501319885,5.274666756680469,0.03881217911839485,5.271770332297544,bajo
2024-07-05,5.311481356445802,202.65020333333334,-0.03218750692122452,5.343668863367027,0.01845281943678856,5.362121682803815,0.02310674637556076,5.366775609742588,bajo
2024-07-06,5.054824509161031,156.77701499999998,-0.25665684728477167,5.311481356445802,-0.04370598867535591,5.267775367770446,0.0036763630341738462,5.315157719479976,bajo
2024-07-07,4.906188903708461,135.12346333333335,-0.14863560545256949,5.054824509161031,0.09763602167367935,5.15246053083471,-0.015633998438715935,5.039190510722315,bajo
2024-07-08,5.265425201821626,193.52858,0.3592362981131645,4.906188903708461,0.07847584784030914,4.98466475154877,0.09707916527986526,5.003268068988326,bajo
2024-07-09,5.504483222286527,245.7914033333333,0.23905802046490177,5.265425201821626,0.07651650160551071,5.341941703427136,0.0893850326538086,5.354810234475434,bajo
2024-07-10,5.356840896341214,212.0539866666666,-0.14764232594531368,5.504483222286527,0.033423710614442825,5.53790693290097,0.06380379945039749,5.568287021736925,bajo
2024-07-11,5.805717459878254,332.1934433333332,0.4488765635370404,5.356840896341214,0.08486686646938324,5.441707762810597,0.11557349562644958,5.472414391967663,medio
2024-07-12,5.693246701131576,296.85585999999995,-0.112470758746678,5.805717459878254,0.00711786188185215,5.812835321760106,0.031168121844530106,5.836885581722784,medio
2024-07-13,5.5980978509254715,269.91250500000007,-0.09514885020610464,5.693246701131576,0.04367787018418312,5.736924571315759,0.0759369432926178,5.769183644424194,medio
2024-07-14,5.440384049517742,230.5307016666666,-0.15771380140772973,5.5980978509254715,0.0556124672293663,5.653710318154838,-0.005520828999578953,5.592577021925893,bajo
2024-07-15,5.659727133500015,287.0703000000001,0.21934308398227298,5.440384049517742,0.12811069190502167,5.5684947414227635,0.1392184942960739,5.579602543813816,medio
2024-07-16,5.676215004174619,291.8427133333335,0.01648787067460411,5.659727133500015,0.020190544426441193,5.679917677926456,0.04726162180304527,5.70698875530306,medio
2024-07-17,5.717113059605213,304.02595000000014,0.04089805543059377,5.676215004174619,0.02821696549654007,5.704431969671159,0.020913952961564064,5.697128957136183,medio
2024-07-18,5.719470603248148,304.74354999999997,0.002357543642935056,5.717113059605213,0.024110425263643265,5.741223484868856,0.02749062515795231,5.744603684763165,medio
2024-07-19,5.7695211919368194,320.3842933333331,0.05005058868867174,5.719470603248148,0.00317140924744308,5.722642012495591,-0.02550285868346691,5.693967744564681,medio
2024-07-20,5.764435969258427,318.7592033333332,-0.005085222678392398,5.7695211919368194,-0.019861839711666107,5.749659352225153,-0.021148836240172386,5.748372355696647,medio
2024-07-21,5.77500979456955,322.14758999999987,0.010573825311123386,5.764435969258427,0.05224873498082161,5.816684704239249,0.020358063280582428,5.7847940325390095,medio
2024-07-22,5.995313248014686,401.54244666666665,0.22030345344513513,5.77500979456955,0.04476268216967583,5.819772476739226,0.014308884739875793,5.789318679309426,medio
2024-07-23,6.1286668540908495,458.8240733333333,0.13335360607616398,5.995313248014686,0.0031678848899900913,5.998481132904676,0.0007426063530147076,5.9960558543677,medio
2024-07-24,5.91533660285026,370.67905333333334,-0.21333025124058924,6.1286668540908495,0.02282947488129139,6.151496328972141,0.03948477655649185,6.168151630647341,medio
2024-07-25,5.9039143522548025,366.46915333333317,-0.011422250595457761,5.91533660285026,0.017507892102003098,5.932844494952263,0.051729965955019,5.967066568805279,medio
2024-07-26,5.810152720365017,333.6700799999999,-0.09376163188978559,5.9039143522548025,-0.008447404019534588,5.895466948235268,0.0009519005543552339,5.904866252809158,medio
2024-07-27,5.8298944124600265,340.32274333333345,0.019741692095009533,5.810152720365017,-0.04260093346238136,5.767551786902636,-0.021240560337901115,5.788912160027116,medio
2024-07-28,5.641916338034655,282.00261333333344,-0.18797807442537184,5.8298944124600265,-0.02776459977030754,5.802129812689719,-0.07589267939329147,5.754001733066735,medio
2024-07-29,5.931538996509314,376.73386000000005,0.2896226584746593,5.641916338034655,0.08449477702379227,5.726411115058447,0.07471219450235367,5.716628532537008,medio
2024-07-30,5.992773465100949,400.52390999999994,0.061234468591635505,5.931538996509314,0.03504932299256325,5.966588319501877,0.06918830424547195,6.000727300754786,medio
2024-07-31,5.972322119332132,392.41585000000003,-0.020451345768817575,5.992773465100949,0.0026931222528219223,5.995466587353771,0.01353311724960804,6.0063065823505575,medio
2024-08-01,6.073461259854171,434.1808966666667,0.1011391405220392,5.972322119332132,-0.0012127081863582134,5.971109411145774,0.010207963176071644,5.9825300825082035,medio
2024-08-02,5.994765630033392,401.32261499999987,-0.07869562982077927,6.073461259854171,0.021403808146715164,6.094865068000886,0.03993948921561241,6.1134007490697835,medio
2024-08-03,6.166306618827,476.42324,0.17154098879360813,5.994765630033392,0.025822695344686508,6.020588325378078,0.03544049337506294,6.030206123408455,medio
2024-08-04,6.131929872486089,460.3236699999998,-0.03437674634091081,6.166306618827,0.0033857240341603756,6.16969234286116,-0.018312828615307808,6.147993790211692,medio
2024-08-05,6.26631638802065,526.5342533333333,0.13438651553456094,6.131929872486089,0.08366155624389648,6.215591428729986,0.05869356915354729,6.190623441639636,medio
2024-08-06,6.187794841186927,486.77151333333313,-0.07852154683372348,6.26631638802065,-0.03382062539458275,6.232495762626067,-0.05931241437792778,6.207003973642722,medio
2024-08-07,6.118772014354458,454.30646999999976,-0.06902282683246863,6.187794841186927,-0.00416230596601963,6.183632535220907,0.009978100657463074,6.19777294184439,medio
2024-08-08,6.312429788409523,551.3830666666665,0.19365777405506535,6.118772014354458,0.04711783677339554,6.1658898511278535,0.043430063873529434,6.162202078227987,medio
2024-08-09,6.3154636107736914,553.0584050000001,0.0030338223641681594,6.312429788409523,-0.014283649623394012,6.298146138786129,-0.005981603637337685,6.306448184772186,medio
2024-08-10,6.3031632964399815,546.2972800000001,-0.012300314333709927,6.3154636107736914,-0.02937033399939537,6.286093276774296,-0.01052212342619896,6.3049414873474925,medio
2024-08-11,5.978963377922908,395.0306583333333,-0.3241999185170732,6.3031632964399815,-0.027029160410165787,6.276134136029816,-0.012829598970711231,6.29033369746927,medio
2024-08-12,6.404754329120565,604.7132199999998,0.42579095119765675,5.978963377922908,0.13846200704574585,6.117425384968654,0.11488968133926392,6.093853059262172,alto
2024-08-13,6.429160095807614,619.6532800000001,0.024405766687048747,6.404754329120565,0.05405464023351669,6.458808969354082,0.0546489842236042,6.459403313344169,alto
2024-08-14,6.5110993161690605,672.5653733333331,0.08193922036144663,6.429160095807614,0.04116648808121681,6.470326583888831,0.06688710302114487,6.496047198828759,alto
2024-08-15,6.468713208754781,644.6536583333335,-0.04238610741427973,6.5110993161690605,0.07418079674243927,6.5852801129115,0.07420346140861511,6.585302777577676,alto
2024-08-16,6.415316956792493,611.1344333333332,-0.0533962519622877,6.468713208754781,0.02622303180396557,6.494936240558746,0.028811849653720856,6.497525058408502,alto
2024-08-17,6.3466421180431,570.5735700000004,-0.06867483874939317,6.415316956792493,0.025142408907413483,6.4404593656999065,0.008853068575263023,6.424170025367756,alto
2024-08-18,6.414199587204793,610.4519516666667,0.06755746916169336,6.3466421180431,0.0017771570710465312,6.348419275114146,-0.028424877673387527,6.318217240369712,alto
2024-08-19,6.4773413204574934,650.2398666666667,0.06314173325270023,6.414199587204793,0.10476043820381165,6.518960025408605,0.09269574284553528,6.5068953300503285,alto
2024-08-20,6.637469966011251,763.1617233333337,0.1601286455537574,6.4773413204574934,0.04770123213529587,6.525042552592789,0.051851507276296616,6.52919282773379,alto
2024-08-21,6.6285951954564615,756.4188033333334,-0.008874770554789357,6.637469966011251,0.0505036897957325,6.687973655806983,0.06594538688659668,6.7034153528978475,alto
2024-08-22,6.666298314441817,785.4826066666668,0.03770311898535539,6.6285951954564615,0.031146178022027016,6.6597413734784885,0.044426023960113525,6.673021219416575,alto
2024-08-23,6.554263672368207,702.2318866666669,-0.1120346420736098,6.666298314441817,0.011255072429776192,6.677553386871593,-0.010584746487438679,6.655713567954378,alto
2024-08-24,6.470725713650476,645.9523333333335,-0.08353795871773073,6.554263672368207,-0.044394947588443756,6.509868724779763,-0.03865443915128708,6.51560923321692,alto
2024-08-25,6.3860546584356195,593.5103533333335,-0.08467105521485685,6.470725713650476,-0.04181592911481857,6.428909784535658,-0.03046462871134281,6.4402610849391335,alto
2024-08-26,6.123418554126199,456.42233500000003,-0.2626361043094203,6.3860546584356195,0.01742851361632347,6.403483172051943,0.015623984858393669,6.401678643294013,medio
2024-08-27,6.271451642140191,529.245095,0.1480330880139915,6.123418554126199,0.11980783939361572,6.243226393519815,0.10142362862825394,6.224842182754453,medio
2024-08-28,6.297584050693701,543.2578400000001,0.026132408553510622,6.271451642140191,-0.001356466207653284,6.270095175932537,0.005679125897586346,6.277130768037777,medio
2024-08-29,6.233826751316939,509.70226,-0.06375729937676233,6.297584050693701,0.008263664320111275,6.305847715013813,0.014858889393508434,6.31244294008721,medio
2024-08-30,6.200897327234284,493.1913966666666,-0.032929424082654535,6.233826751316939,0.03819422423839569,6.272020975555335,0.0343250073492527,6.268151758666192,medio
2024-08-31,6.294816410844043,541.7563766666666,0.09391908360975876,6.200897327234284,0.026385022327303886,6.227282349561588,0.04163489118218422,6.242532218416469,medio
2024-09-01,6.3570443110223565,576.5397633333332,0.062227900178313256,6.294816410844043,0.0749921202659607,6.369808531110004,0.06861621141433716,6.36343262225838,alto
2024-09-02,6.463878189209205,641.5442683333331,0.10683387818684853,6.3570443110223565,0.08195814490318298,6.439002455925539,0.06502937525510788,6.422073686277464,alto
2024-09-03,6.454526550378243,635.5727433333332,-0.009351638830962017,6.463878189209205,0.059555843472480774,6.523434032681686,0.06394650042057037,6.527824689629775,alto
2024-09-04,6.474851294500888,648.6227666666668,0.020324744122644844,6.454526550378243,0.02745017781853676,6.48197672819678,0.04132748022675514,6.495854030604998,alto
2024-09-05,6.510877870796854,672.4164533333332,0.03602657629596617,6.474851294500888,0.02486347407102585,6.499714768571914,0.03671290725469589,6.511564201755584,alto
2024-09-06,6.5446085907910465,695.4844066666668,0.033730719994192526,6.510877870796854,0.006610501557588577,6.517488372354443,0.0009290276211686432,6.511806898418023,alto
2024-09-07,6.565541467017815,710.1963400000001,0.02093287622676865,6.5446085907910465,0.021761782467365265,6.566370373258412,0.013022440485656261,6.557631031276703,alto
2024-09-08,6.453884521644195,635.1648183333334,-0.11165694537362025,6.565541467017815,-0.0031825238838791847,6.562358943133936,0.02230978012084961,6.587851247138665,alto
2024-09-09,6.511349763553496,672.7338366666665,0.057465241909301135,6.453884521644195,0.08983153104782104,6.543716052692016,0.10952715575695038,6.563411677401145,alto
2024-09-10,6.636515110126923,762.4333616666667,0.12516534657342682,6.511349763553496,0.023038234561681747,6.534387998115178,0.032048556953668594,6.543398320507165,alto
2024-09-11,6.667982205868487,786.8063883333335,0.031467095741564144,6.636515110126923,0.03302726894617081,6.669542379073094,0.020191578194499016,6.656706688321422,alto
2024-09-12,6.708031005521363,818.9565300000004,0.040048799652876,6.667982205868487,0.030987687408924103,6.698969893277411,0.03270934149622917,6.700691547364716,alto
2024-09-13,6.697692783870332,810.5335899999995,-0.010338221651030821,6.708031005521363,0.0334550142288208,6.741486019750184,0.03230676427483559,6.740337769796199,alto
2024-09-14,6.760281151846874,862.884763333333,0.06258836797654155,6.697692783870332,0.017987675964832306,6.7156804598351645,0.03246680647134781,6.73015959034168,alto
2024-09-15,6.743348462664599,848.3968099999996,-0.01693268918227453,6.760281151846874,0.04466806352138519,6.804949215368259,0.04903198778629303,6.809313139633167,alto
2024-09-16,6.815324300629779,911.7121366666671,0.07197583796518003,6.743348462664599,0.07853071391582489,6.821879176580424,0.08265548199415207,6.826003944658751,alto
2024-09-17,6.825586463297455,921.1164466666669,0.010262162667675767,6.815324300629779,0.039078496396541595,6.854402797026321,0.037181656807661057,6.85250595743744,alto
2024-09-18,6.829836223096387,925.0393,0.00424975979893194,6.825586463297455,0.019617687910795212,6.84520415120825,0.023486696183681488,6.8490731594811365,alto
2024-09-19,6.8305232677369245,925.6750616666664,0.000687044640537593,6.829836223096387,0.01763002760708332,6.84746625070347,0.027836937457323074,6.85767316055371,alto
2024-09-20,6.838668756681514,933.24593,0.008145488944589552,6.8305232677369245,0.020461007952690125,6.850984275689615,0.02461475506424904,6.855138022801174,alto
2024-09-21,6.839495886647858,934.018165,0.0008271299663435983,6.838668756681514,0.019579092040657997,6.858247848722172,0.015128448605537415,6.8537972052870515,alto
2024-09-22,6.838497372376481,933.0860000000002,-0.0009985142713766493,6.839495886647858,0.007519501727074385,6.847015388374932,-0.0062536559998989105,6.833242230647959,alto
2024-09-23,6.839520800199868,934.0414350000001,0.0010234278233873795,6.838497372376481,0.04604727774858475,6.884544650125066,0.029070984572172165,6.867568356948653,alto
2024-09-24,6.83978277959561,934.2861666666666,0.0002619793957414629,6.839520800199868,0.011286472901701927,6.85080727310157,0.018711309880018234,6.858232110079887,alto
2024-09-25,6.828666720685495,923.9580966666666,-0.011116058910114468,6.83978277959561,0.024958638474345207,6.864741418069955,0.033587824553251266,6.873370604148861,alto
2024-09-26,6.825723197427033,921.2424033333333,-0.002943523258462477,6.828666720685495,0.017176661640405655,6.845843382325901,0.025760846212506294,6.854427566898002,alto
2024-09-27,6.814989857365725,911.4072716666669,-0.010733340061308105,6.825723197427033,0.005657882895320654,6.831381080322354,0.019627204164862633,6.845350401591896,alto
2024-09-28,6.816599861852323,912.8758233333332,0.0016100044865980934,6.814989857365725,0.019993074238300323,6.834982931604025,0.02817533165216446,6.843165189017889,alto
2024-09-29,6.81609324260304,912.4134599999998,-0.000506619249282636,6.816599861852323,-0.00810172874480486,6.808498133107518,-0.0044649019837379456,6.812134959868585,alto
2024-09-30,7.823567524399903,2498.804069999999,1.0074742817968625,6.81609324260304,0.009820511564612389,6.825913754167653,-0.017007343471050262,6.79908589913199,alto
2024-10-01,6.971137788445613,1065.4342999999997,-0.8524297359542894,7.823567524399903,-0.04178275913000107,7.781784765269902,-0.027052009478211403,7.796515514921691,alto
2024-10-02,7.042939108497167,1144.7472033333336,0.07180132005155393,6.971137788445613,0.02303786389529705,6.99417565234091,0.04421786591410637,7.01535565435972,alto
2024-10-03,7.291102001360831,1467.1866483333336,0.24816289286366366,7.042939108497167,-0.019778575748205185,7.023160532748962,-0.06490945816040039,6.978029650336767,alto
2024-10-04,7.2331115436187305,1384.5238150000005,-0.05799045774210043,7.291102001360831,0.022751636803150177,7.313853638163981,0.00602568406611681,7.297127685426948,alto
2024-10-05,7.2227097299064305,1370.1968983333336,-0.01040181371230009,7.2331115436187305,-0.012598077766597271,7.220513465852133,-0.0076057580299675465,7.225505785588763,alto
2024-10-06,7.045441711004023,1147.6156383333334,-0.1772680189024074,7.2227097299064305,0.016325410455465317,7.239035140361896,-0.014329022727906704,7.208380707178524,alto
2024-10-07,7.376381359843629,1597.79744,0.3309396488396059,7.045441711004023,0.09195667505264282,7.137398386056666,0.10346237570047379,7.148904086704497,alto
2024-10-08,7.260415675062944,1422.847856666667,-0.1159656847806847,7.376381359843629,-0.01855255290865898,7.35782880693497,-0.062388963997364044,7.313992395846265,alto
2024-10-09,7.333721396822343,1531.068898333334,0.07330572175939842,7.260415675062944,-0.06664401292800903,7.193771662134935,-0.02008248306810856,7.240333191994836,alto
2024-10-10,7.136251036320807,1256.7081933333332,-0.19747036050153532,7.333721396822343,-0.021836107596755028,7.311885289225588,-0.012393475510179996,7.321327921312163,alto
2024-10-11,7.1923448307673885,1329.216341666667,0.056093794446581136,7.136251036320807,-0.10529817640781403,7.030952859912993,-0.09315735101699829,7.043093685303809,alto
2024-10-12,6.915930327032089,1008.2085550000002,-0.27641450373529963,7.1923448307673885,-0.04380982741713524,7.148535003350253,-0.03633413091301918,7.156010699854369,alto
2024-10-13,7.145217995956957,1268.0277199999994,0.22928766892486774,6.915930327032089,0.0880034938454628,7.003933820877552,0.0751480981707573,6.991078425202846,alto
2024-10-14,7.373491210379705,1593.1862333333336,0.22827321442274862,7.145217995956957,0.09734951704740524,7.242567513004362,0.11149481683969498,7.256712812796652,alto
2024-10-15,7.461731828641164,1740.1591066666672,0.08824061826145879,7.373491210379705,0.04738010838627815,7.420871318765983,0.10206230729818344,7.475553517677889,alto
2024-10-16,7.432458229680729,1689.956773333334,-0.02927359896043491,7.461731828641164,-0.005759295541793108,7.455972533099371,0.015927573665976524,7.4776594023071405,alto
2024-10-17,7.412507460680433,1656.5749400000002,-0.01995076900029602,7.432458229680729,-0.02741691842675209,7.405041311253977,-0.017610587179660797,7.414847642501068,alto
2024-10-18,7.539230859522696,1880.3831900000007,0.12672339884226247,7.412507460680433,-0.011515505611896515,7.400991955068537,-0.00514557771384716,7.407361882966586,alto
2024-10-19,7.722891040224706,2259.4824016666657,0.1836601807020104,7.539230859522696,-0.03384457528591156,7.505386284236784,-0.04573260620236397,7.493498253320332,alto
2024-10-20,6.959494482520757,1053.1010616666667,-0.763396557703949,7.722891040224706,-0.046042267233133316,7.676848772991573,-0.050797197967767715,7.672093842256938,alto
2024-10-21,7.11161012148144,1226.12016,0.1521156389606828,6.959494482520757,0.2100161463022232,7.16951062882298,0.14744603633880615,7.106940518859563,alto
2024-10-22,7.4053264178752505,1644.7216149999997,0.2937162963938107,7.11161012148144,0.015778135508298874,7.127388256989739,0.013188784010708332,7.124798905492148,alto
2024-10-23,7.429969854725156,1685.7567550000003,0.024643436849905775,7.4053264178752505,0.004632085096091032,7.4099585029713415,0.01038509514182806,7.4157115130170785,alto
2024-10-24,7.286273059567315,1460.1187683333335,-0.14369679515784117,7.429969854725156,0.0170123353600502,7.4469821900852065,0.03354512155056,7.463514976275716,alto
2024-10-25,7.602583432581591,2003.3647733333337,0.316310373014276,7.286273059567315,0.010933051817119122,7.297206111384434,0.03536420315504074,7.321637262722356,alto
2024-10-26,7.4381402357447675,1699.58645,-0.16444319683682362,7.602583432581591,-0.01930130086839199,7.583282131713199,0.006253977306187153,7.608837409887778,alto
2024-10-27,7.018753466561466,1117.3928816666664,-0.4193867691833013,7.4381402357447675,-0.07786978036165237,7.360270455383115,-0.10370263457298279,7.334437601171785,alto
2024-10-28,7.495488660983265,1799.9040933333329,0.47673519442179924,7.018753466561466,0.24807065725326538,7.2668241238147315,0.23210610449314117,7.250859571054607,alto
2024-10-29,7.463392892081685,1743.0520233333343,-0.03209576890158061,7.495488660983265,0.003307084087282419,7.498795745070548,0.012720650061964989,7.50820931104523,alto
2024-10-30,7.438184234696113,1699.6612316666672,-0.025208657385571875,7.463392892081685,0.03324040025472641,7.496633292336411,0.04240496829152107,7.505797860373206,alto
2024-10-31,7.806738539587638,2457.103606666668,0.36855430489152496,7.438184234696113,0.020083514973521233,7.458267749669634,0.016275471076369286,7.454459705772482,alto
2024-11-01,7.807607617772746,2459.239950000001,0.0008690781851079521,7.806738539587638,-0.06925452500581741,7.7374840145818204,-0.018628008663654327,7.7881105309239835,alto
2024-11-02,7.804578217097107,2451.8012000000012,-0.00302940067563906,7.807607617772746,-0.05028272420167923,7.757324893571067,0.027045471593737602,7.834653089366483,alto
2024-11-03,7.807607617772746,2459.239950000001,0.00302940067563906,7.804578217097107,-0.02427159622311592,7.780306620873991,-0.03560255095362663,7.76897566614348,alto
2024-11-04,7.768948803035641,2365.9828666666676,-0.038658814737105196,7.807607617772746,0.0715441033244133,7.879151721097159,0.12082105129957199,7.928428669072318,alto
2024-11-05,7.366440946885988,1581.9933533333335,-0.40250785614965245,7.768948803035641,0.05635292828083038,7.825301731316471,0.060838546603918076,7.829787349639559,alto
2024-11-06,7.533726699500546,1870.0616916666665,0.16728575261455791,7.366440946885988,0.03564218804240227,7.40208313492839,0.004593508783727884,7.371034455669716,alto
2024-11-07,7.546788497827637,1894.648283333334,0.01306179832709109,7.533726699500546,-0.04996483400464058,7.4837618654959055,-0.05477460101246834,7.478952098488078,alto
2024-11-08,7.343766600278793,1546.5263033333338,-0.2030218975488438,7.546788497827637,-0.039504703134298325,7.507283794693339,-0.04580532759428024,7.500983170233357,alto
2024-11-09,6.669564637981913,788.0524416666667,-0.6742019622968805,7.343766600278793,-0.13930867612361908,7.204457924155174,-0.09233356267213821,7.251433037606655,alto
2024-11-10,6.715009338609774,824.6914683333334,0.04544470062786132,6.669564637981913,0.1972716897726059,6.866836327754519,0.08771006762981415,6.757274705611727,alto
2024-11-11,6.69529049364285,808.5887900000001,-0.01971884496692411,6.715009338609774,0.11915526539087296,6.834164604000647,0.05873115360736847,6.773740492217143,alto
2024-11-12,6.9111605876648525,1003.4111133333332,0.2158700940220024,6.69529049364285,0.11004938930273056,6.805339882945581,0.08974673599004745,6.785037229632898,alto
2024-11-13,6.717677089139562,826.8944766666667,-0.1934834985252909,6.9111605876648525,-0.07848482578992844,6.832675761874924,-0.125934898853302,6.7852256888115505,alto
2024-11-14,6.814775541253692,911.2119633333333,0.09709845211413004,6.717677089139562,-0.018595729023218155,6.6990813601163435,0.016845442354679108,6.734522531494241,alto
2024-11-15,6.544159548696788,695.172175,-0.2706159925569036,6.814775541253692,-0.01097020972520113,6.8038053315284905,-0.02714233286678791,6.787633208386904,alto
2024-11-16,6.548137342017952,697.9429333333334,0.003977793321164214,6.544159548696788,-0.06710842996835709,6.477051118728431,-0.004862036556005478,6.539297512140783,alto
2024-11-17,6.269400735462183,528.160775,-0.2787366065557695,6.548137342017952,0.11883728951215744,6.66697463153011,0.06947469711303711,6.617612039130989,medio
2024-11-18,6.54379866410006,694.9213433333333,0.27439792863787726,6.269400735462183,0.21845707297325134,6.487857808435434,0.21346993744373322,6.482870672905916,alto
2024-11-19,6.534650912945305,688.5933633333334,-0.009147751154754857,6.54379866410006,0.03959403932094574,6.583392703421006,0.038389697670936584,6.582188361770997,alto
2024-11-20,6.61494564525034,746.1641716666667,0.0802947323050347,6.534650912945305,0.03126633167266846,6.565917244617974,0.029799558222293854,6.564450471167599,alto
2024-11-21,6.327834543383782,559.9427483333335,-0.2871111018665582,6.61494564525034,-0.022242899984121323,6.592702745266219,-0.04648566618561745,6.5684599790647225,medio
2024-11-22,6.51727394632727,676.7310633333333,0.1894394029434885,6.327834543383782,0.03627115860581398,6.364105701989596,0.06106671690940857,6.38890126029319,alto
2024-11-23,6.325130364296436,558.4306083333335,-0.19214358203083393,6.51727394632727,-0.04638992249965668,6.4708840238276135,-0.05106621980667114,6.466207726520599,medio
2024-11-24,5.421730118166449,226.27025833333337,-0.903400246129987,6.325130364296436,0.1358015537261963,6.460931918022633,0.12209349125623703,6.447223855552673,bajo
2024-11-25,6.092627335875321,442.5826983333334,0.6708972177088715,5.421730118166449,0.27639225125312805,5.698122369419577,0.2933574914932251,5.715087609659674,medio
2024-11-26,6.208736286359163,497.0726966666667,0.1161089504838424,6.092627335875321,0.07935480773448944,6.17198214360981,0.09366638958454132,6.186293725459862,medio
2024-11-27,6.637118095762178,762.8932366666669,0.42838180940301473,6.208736286359163,0.07051055133342743,6.2792468376925905,0.0958360955119133,6.304572381871076,alto
2024-11-28,6.6805994873023185,796.7966383333332,0.043481391540140635,6.637118095762178,0.031458187848329544,6.668576283610507,0.042174581438302994,6.679292677200481,alto
2024-11-29,6.388515925519832,594.9729399999999,-0.2920835617824862,6.6805994873023185,0.021900279447436333,6.702499766749755,0.025243066251277924,6.705842553553596,alto
2024-11-30,6.073070885519716,434.0114366666666,-0.31544504000011653,6.388515925519832,0.03523460403084755,6.42375052955068,0.05868721008300781,6.44720313560284,medio
2024-12-01,6.300034530883891,544.5907150000002,0.22696364536417502,6.073070885519716,0.043878667056560516,6.116949552576276,0.04457841441035271,6.1176492999300685,medio
2024-12-02,6.488875297468105,657.783136666667,0.18884076658421467,6.300034530883891,0.1489882916212082,6.449022822505099,0.18896646797657013,6.489000998860461,alto
2024-12-03,6.595966402875974,732.136083333333,0.1070911054078687,6.488875297468105,0.029412994161248207,6.518288291629354,0.04007156565785408,6.5289468631259595,alto
2024-12-04,6.659534501852537,780.1876766666663,0.06356809897656301,6.595966402875974,0.02209763042628765,6.618064033302262,0.022601816803216934,6.618568219679191,alto
2024-12-05,6.677856405521777,794.6139549999998,0.018321903669240136,6.659534501852537,-0.0067593068815767765,6.65277519497096,0.005497364327311516,6.665031866179849,alto
2024-12-06,6.664339056168278,783.94515,-0.013517349353499242,6.677856405521777,-0.026824377477169037,6.651032028044608,-0.009621905162930489,6.668234500358847,alto
2024-12-07,6.694584451009656,808.0180933333335,0.030245394841378115,6.664339056168278,-0.024750923737883568,6.6395881324303945,-0.03151741623878479,6.632821639929493,alto
2024-12-08,6.572710630538509,715.3061483333336,-0.12187382047114692,6.694584451009656,0.026622530072927475,6.721206981082584,0.022667042911052704,6.717251493920709,alto
2024-12-09,6.742616872628956,847.7763583333336,0.16990624209044647,6.572710630538509,0.1203489899635315,6.693059620502041,0.1567247062921524,6.729435336830662,alto
2024-12-10,6.758440762708023,861.2981799999999,0.015823890079067482,6.742616872628956,0.0006024162285029888,6.743219288857459,0.007025800179690123,6.749642672808646,alto
2024-12-11,6.775310979067684,875.951723333333,0.016870216359660795,6.758440762708023,-0.0077850171364843845,6.750655745571539,-0.003927712794393301,6.75451304991363,alto
2024-12-12,6.7927173283798155,891.3323166666668,0.017406349312131475,6.775310979067684,-0.010882261209189892,6.764428717858494,-0.009907625615596771,6.765403353452087,alto
2024-12-13,6.851562940693834,945.35729,0.05884561231401886,6.7927173283798155,-0.015426297672092915,6.7772910307077225,-0.014315526932477951,6.7784018014473375,alto
2024-12-14,6.916797818379342,1009.0835466666663,0.06523487768550762,6.851562940693834,-0.030236845836043358,6.821326094857791,-0.03237935155630112,6.819183589137533,alto
2024-12-15,6.842039298689306,936.3967816666664,-0.074758519690036,6.916797818379342,0.013728871941566467,6.930526690320908,0.0023282167967408895,6.919126035176083,alto
2024-12-16,6.991971396621923,1087.8639750000004,0.1499320979326173,6.842039298689306,0.05433500185608864,6.896374300545395,0.10582467913627625,6.947863977825582,alto
2024-12-17,6.95381020898147,1047.1319283333335,-0.038161187640453065,6.991971396621923,-0.08535536378622055,6.906616032835703,-0.07342276722192764,6.918548629399996,alto
2024-12-18,6.831491808487026,926.5720500000003,-0.12231840049444376,6.95381020898147,-0.062094204127788544,6.891716004853682,-0.05156262218952179,6.902247586791948,alto
2024-12-19,6.7858991802799205,885.2757516666667,-0.04559262820710597,6.831491808487026,-0.040725357830524445,6.790766450656502,-0.035623952746391296,6.795867855740635,alto
2024-12-20,6.83284585164643,927.8275183333335,0.04694667136650921,6.7858991802799205,-0.04786534607410431,6.738033834205816,-0.055957548320293427,6.729941631959627,alto
2024-12-21,6.857004653112861,950.5156749999998,0.0241588014664309,6.83284585164643,-0.030461343005299568,6.80238450864113,-0.04914483055472374,6.783701021091706,alto
2024-12-22,6.7736198430077765,874.4716216666667,-0.08338481010508403,6.857004653112861,-0.04607945680618286,6.810925196306678,-0.06158415600657463,6.795420497106286,alto
2024-12-23,6.574006642991155,716.2337950000001,-0.1996132000166213,6.7736198430077765,0.052362702786922455,6.825982545794699,0.0983208417892456,6.871940684797022,alto
2024-12-24,6.56820005750989,712.0869733333335,-0.005806585481265003,6.574006642991155,-0.023786164820194244,6.550220478170961,-0.038900990039110184,6.535105652952045,alto
2024-12-25,6.053903698140687,425.7718749999999,-0.5142963593692036,6.56820005750989,-0.022756855934858322,6.545443201575032,-0.016344882547855377,6.551855174962035,medio
2024-12-26,6.254253381689236,520.2208233333336,0.20034968354854943,6.053903698140687,0.13508155941963196,6.188985257560319,0.1302437037229538,6.18414740186364,medio
2024-12-27,5.949416197623167,383.52936833333325,-0.3048371840660691,6.254253381689236,0.05910518392920494,6.313358565618441,0.06366448849439621,6.317917870183632,medio
2024-12-28,6.19383035505483,489.71831333333336,0.24441415743166317,5.949416197623167,0.14418555796146393,6.093601755584631,0.09466078877449036,6.044076986397657,medio
2024-12-29,5.679355164647765,292.7605866666666,-0.5144751904070652,6.19383035505483,0.031627073884010315,6.2254574289388405,-0.00019355773110873997,6.193636797323721,medio
2024-12-30,5.95315793670212,384.9671233333333,0.27380277205435544,5.679355164647765,0.28528255224227905,5.964637716890044,0.317047655582428,5.996402820230193,medio
2024-12-31,5.090088843634832,162.40428999999997,-0.8630690930672884,5.95315793670212,0.0986253097653389,6.051783246467459,0.05207372456789017,6.0052316612700105,bajo
2025-01-01,5.374447584250876,215.82061666666664,0.28435874061604416,5.090088843634832,0.24101006984710693,5.331098913481939,0.20959234237670898,5.299681186011541,bajo
2025-01-02,6.130393258384533,459.6168733333334,0.755945674133657,5.374447584250876,0.23808901011943817,5.612536594370314,0.27405285835266113,5.648500442603537,medio
2025-01-03,6.229145884194611,507.3219866666669,0.09875262581007771,6.130393258384533,0.08442047983407974,6.214813738218613,0.02931579016149044,6.1597090485460235,medio
2025-01-04,6.030102169623877,415.757505,-0.19904371457073378,6.229145884194611,0.059502407908439636,6.28864829210305,0.060836710035800934,6.289982594230412,medio
2025-01-05,5.16924897134662,175.78277,-0.8608531982772574,6.030102169623877,0.043359823524951935,6.073461993148829,-0.004223619122058153,6.025878550501819,bajo
2025-01-06,5.755345030289688,315.874515,0.5860960589430686,5.16924897134662,0.3211948573589325,5.490443828705552,0.32948580384254456,5.498734775189164,medio
2025-01-07,5.839883933357546,343.7394416666668,0.08453890306785805,5.755345030289688,0.07699772715568542,5.832342757445374,0.0769045352935791,5.832249565583267,medio
2025-01-08,5.485968335651225,241.2824733333334,-0.3539155977063215,5.839883933357546,0.06749884784221649,5.907382781199763,0.055709101259708405,5.895593034617255,bajo
2025-01-09,5.400958901626062,221.61882499999993,-0.08500943402516281,5.485968335651225,0.31787413358688354,5.803842469238108,0.25565391778945923,5.741622253440684,bajo
2025-01-10,5.389070443666511,218.99971833333328,-0.011888457959551069,5.400958901626062,0.08425739407539368,5.485216295701456,0.12782426178455353,5.5287831634106155,bajo
2025-01-11,5.591224365268189,268.06362666666666,0.20215392160167767,5.389070443666511,0.06466075778007507,5.453731201446586,0.14008016884326935,5.52915061250978,medio
2025-01-12,5.693593823962671,296.95892333333325,0.10236945869448277,5.591224365268189,0.08385485410690308,5.675079219375092,0.04421378672122955,5.635438151989418,medio
2025-01-13,5.933933399105403,377.6369933333331,0.2403395751427313,5.693593823962671,0.138907328248024,5.832501152210695,0.09861748665571213,5.7922113106183835,medio
2025-01-14,6.095231841762984,443.73690999999985,0.1612984426575812,5.933933399105403,0.11487940698862076,6.048812806094023,0.10107553750276566,6.035008936608168,medio
2025-01-15,6.305167830879162,547.3934499999997,0.20993598911617806,6.095231841762984,0.05497058480978012,6.150202426572764,0.013962282799184322,6.109194124562168,medio
2025-01-16,6.3909240911959895,596.4074600000002,0.08575626031682759,6.305167830879162,0.05935264378786087,6.364520474667023,0.019489910453557968,6.32465774133272,alto
2025-01-17,6.530676402427983,685.8619733333334,0.1397523112319936,6.3909240911959895,-0.010707021690905094,6.380217069505084,-0.012990145944058895,6.377933945251931,alto
2025-01-18,6.50087827712091,665.726068333333,-0.02979812530707271,6.530676402427983,0.008842015638947487,6.539518418066931,0.0041216700337827206,6.534798072461766,alto
2025-01-19,6.458712220736013,638.2386166666669,-0.042166056384897566,6.50087827712091,0.05069294944405556,6.551571226564966,0.024993896484375,6.525872173605285,alto
2025-01-20,6.479390145388866,651.5734600000002,0.020677924652853008,6.458712220736013,0.11864064633846283,6.577352867074476,0.1820821613073349,6.640794382043348,alto
2025-01-21,6.517402169745178,676.8178416666666,0.03801202435631179,6.479390145388866,0.03325658664107323,6.512646732029939,0.012315323576331139,6.491705468965197,alto
2025-01-22,6.553520412773756,701.7101399999998,0.03611824302857869,6.517402169745178,0.0037231987807899714,6.521125368525968,-0.0028025261126458645,6.514599643632532,alto
2025-01-23,6.602586012947407,736.9986149999996,0.049065600173650914,6.553520412773756,0.014783420599997044,6.568303833373753,-0.0013017953606322408,6.552218617413124,alto
2025-01-24,6.5222116268940535,680.0808083333332,-0.08037438605335367,6.602586012947407,0.014909760095179081,6.617495773042586,-0.007457203697413206,6.595128809249994,alto
2025-01-25,6.580552263423684,720.9373666666667,0.058340636529630174,6.5222116268940535,0.008028375916182995,6.5302400028102365,0.0068420968018472195,6.529053723695901,alto
2025-01-26,6.627311681004406,755.448551666667,0.04675941758072266,6.580552263423684,-0.005547509528696537,6.575004753894987,-0.014702783897519112,6.565849479526165,alto
2025-01-27,6.588572246988358,726.7425200000001,-0.03873943401604851,6.627311681004406,0.10948412120342255,6.736795802207829,0.15573884546756744,6.783050526471974,alto
2025-01-28,6.594400386248908,730.9904433333332,0.005828139260549925,6.588572246988358,0.011395696550607681,6.5999679435389655,0.006491054780781269,6.595063301769139,alto
2025-01-29,6.631709264262103,758.7780149999999,0.037308878013194935,6.594400386248908,-0.002103640930727124,6.592296745318181,-0.009799211286008358,6.584601174962899,alto
2025-01-30,6.548866397997152,698.4519583333332,-0.08284286626495074,6.631709264262103,0.018914520740509033,6.650623785002612,0.002167739439755678,6.633877003701858,alto
2025-01-31,6.453776378510335,635.0961333333333,-0.09509001948681739,6.548866397997152,0.0018805352738127112,6.550746933270965,0.017529617995023727,6.566396015992176,alto
2025-02-01,6.443349849202358,628.5086866666667,-0.010426529307976828,6.453776378510335,0.004121489357203245,6.457897867867538,0.007378655485808849,6.461155033996143,alto
2025-02-02,6.194952921454679,490.2683633333334,-0.24839692774767919,6.443349849202358,0.018315695226192474,6.46166554442855,0.009377824142575264,6.452727673344933,medio
2025-02-03,6.4735104285864,647.7536333333333,0.27855750713172167,6.194952921454679,0.17360685765743256,6.368559779112111,0.19823437929153442,6.393187300746213,alto
2025-02-04,6.51663042615083,676.2957133333333,0.04311999756443008,6.4735104285864,0.00719084357842803,6.480701272164828,0.0021245309617370367,6.475634959548137,alto
2025-02-05,6.562422017178849,707.98437,0.045791591028018885,6.51663042615083,0.007457060739398003,6.524087486890228,0.0013208864256739616,6.517951312576504,alto
2025-02-06,6.599045551327127,734.3939133333329,0.036623534148278125,6.562422017178849,0.0017231781966984272,6.564145195375548,0.0017178354319185019,6.564139852610768,alto
2025-02-07,6.462392137391056,640.5916083333335,-0.1366534139360711,6.599045551327127,0.0031480928882956505,6.602193644215423,0.0006215403554961085,6.599667091682623,alto
2025-02-08,6.194842792029578,490.21437333333324,-0.2675493453614779,6.462392137391056,-0.00374137912876904,6.458650758262287,0.011094375513494015,6.47348651290455,medio
2025-02-09,6.432422013757722,621.6778383333332,0.2375792217281436,6.194842792029578,0.03419334068894386,6.229036132718522,0.07579121738672256,6.270634009416301,alto
2025-02-10,6.380718726375134,590.3518566666665,-0.05170328738258778,6.432422013757722,0.07966107875108719,6.512083092508809,0.17631863057613373,6.608740644333856,alto
2025-02-11,6.015750808856349,409.8334300000001,-0.36496791751878543,6.380718726375134,-0.031041696667671204,6.349677029707463,-0.021323181688785553,6.359395544686349,medio
2025-02-12,6.414101084292932,610.3918233333332,0.3983502754365835,6.015750808856349,0.0009002475999295712,6.016651056456278,0.019556012004613876,6.035306820860963,alto
2025-02-13,6.314220368527011,552.3712466666665,-0.09988071576592095,6.414101084292932,-0.03640397638082504,6.377697107912107,-0.044647201895713806,6.369453882397218,medio
2025-02-14,6.133552694811843,461.0712999999998,-0.18066767371516868,6.314220368527011,-0.03921947628259659,6.275000892244415,-0.012449261732399464,6.301771106794612,medio
2025-02-15,6.084355811269101,438.9369633333331,-0.04919688354274143,6.133552694811843,-0.03985743597149849,6.093695258840344,-0.02549254149198532,6.108060153319857,medio
2025-02-16,5.839736853782212,343.6888883333334,-0.2446189574868889,6.084355811269101,-0.03547694534063339,6.048878865928468,-0.05438561737537384,6.029970193893727,medio
2025-02-17,5.721632641585975,305.40313,-0.11810421219623723,5.839736853782212,0.08970476686954498,5.929441620651757,0.15331417322158813,5.9930510270038,medio
2025-02-18,5.597097112641075,269.6425283333334,-0.12453552894490016,5.721632641585975,-0.056245677173137665,5.665386964412837,-0.10545680671930313,5.616175834866672,medio
2025-02-19,5.437424108819232,229.84935333333337,-0.15967300382184302,5.597097112641075,-0.040666572749614716,5.55643053989146,-0.029795506969094276,5.567301605671981,bajo
2025-02-20,5.533807056342987,253.1056666666667,0.09638294752375476,5.437424108819232,-0.020719245076179504,5.416704863743052,-0.019991394132375717,5.417432714686856,bajo
2025-02-21,5.336512056724845,207.78669666666667,-0.19729499961814145,5.533807056342987,-0.10977555066347122,5.424031505679515,-0.11493139714002609,5.4188756592029605,bajo
2025-02-22,5.2845758664525455,197.27049666666673,-0.051936190272299676,5.336512056724845,-0.02879428118467331,5.307717775540172,0.13143683969974518,5.46794889642459,bajo
2025-02-23,5.263918242828052,193.23716,-0.020657623624493304,5.2845758664525455,-0.020786553621292114,5.263789312831253,0.08772632479667664,5.372302191249222,bajo
2025-02-24,5.574347164161281,263.57742666666667,0.3104289213332292,5.263918242828052,0.15928193926811218,5.423200182096164,0.24079826474189758,5.50471650756995,medio
2025-02-25,5.711593307193094,302.35242500000004,0.13724614303181237,5.574347164161281,-0.004246290307492018,5.570100873853789,0.0012007562909275293,5.575547920452209,medio
2025-02-26,5.57736738983139,264.3746933333333,-0.13422591736170375,5.711593307193094,-0.04018312692642212,5.671410180266672,-0.012448004446923733,5.69914530274617,medio
2025-02-27,5.473985197433009,238.4084066666667,-0.10338219239838065,5.57736738983139,0.011056890711188316,5.588424280542578,-0.013658784329891205,5.563708605501499,bajo
2025-02-28,5.460199346986822,235.14429500000003,-0.01378585044618763,5.473985197433009,-0.06029791757464409,5.413687279858365,-0.07008400559425354,5.403901191838756,bajo
2025-03-01,5.131775158429472,169.31741666666656,-0.32842418855734934,5.460199346986822,-0.08045890927314758,5.379740437713674,-0.0820818841457367,5.378117462841085,bajo
2025-03-02,5.023188768482876,151.89489,-0.10858638994659664,5.131775158429472,0.06816895306110382,5.199944111490576,0.055697254836559296,5.187472413266032,bajo
2025-03-03,5.367388490528737,214.30248333333327,0.344199722045861,5.023188768482876,0.19333389401435852,5.216522662497234,0.12997302412986755,5.153161792612743,bajo
2025-03-04,5.560788298403283,260.0277350000001,0.19339980787454625,5.367388490528737,-0.022473661229014397,5.344914829299722,-0.03590388223528862,5.331484608293448,bajo
2025-03-05,5.413191820824087,224.34652000000014,-0.1475964775791958,5.560788298403283,-0.051473986357450485,5.5093143120458326,-0.07227072864770889,5.488517569755574,bajo
2025-03-06,5.419277424195352,225.71596666666662,0.006085603371264625,5.413191820824087,-0.07406932860612869,5.3391224922179585,-0.08967496454715729,5.32351685627693,bajo
2025-03-07,5.2321533561294,187.1954683333333,-0.18712406806595183,5.419277424195352,-0.10585319250822067,5.313424231687131,-0.11528033018112183,5.30399709401423,bajo
2025-03-08,5.2212480215472565,185.16513000000006,-0.010905334582143489,5.2321533561294,-0.09721560031175613,5.134937755817644,-0.07403196394443512,5.158121392184965,bajo
2025-03-09,5.219957286212801,184.926285,-0.0012907353344555617,5.2212480215472565,-0.08128045499324799,5.1399675665540085,-0.10439042001962662,5.11685760152763,bajo
2025-03-10,5.4814930654032255,240.20508166666676,0.2615357791904245,5.219957286212801,0.11198192089796066,5.331939207110762,0.17012357711791992,5.390080863330721,bajo
2025-03-11,5.661184946475209,287.4890999999999,0.17969188107198342,5.4814930654032255,0.011017244309186935,5.492510309712412,0.027503181248903275,5.508996246652129,medio
2025-03-12,5.627028264129147,277.8352366666666,-0.03415668234606173,5.661184946475209,-0.01154663972556591,5.649638306749643,0.01739729382097721,5.678582240296186,medio
2025-03-13,5.527838179831485,251.59941000000003,-0.0991900842976623,5.627028264129147,-0.03392573818564415,5.593102525943503,-0.030652400106191635,5.5963758640229555,bajo
2025-03-14,5.4854038723641905,241.14631666666676,-0.042434307467294374,5.527838179831485,-0.041961703449487686,5.485876476381997,-0.02672553062438965,5.501112649207095,bajo
2025-03-15,5.467920715100724,236.96695833333334,-0.01748315726346661,5.4854038723641905,-0.10738419741392136,5.378019674950269,-0.09530529379844666,5.390098578565744,bajo
2025-03-16,5.477425265069366,239.22996,0.009504549968641918,5.467920715100724,-0.08270933479070663,5.385211380310017,-0.07088316231966019,5.397037552781064,bajo
2025-03-17,5.549199592183575,257.03174333333334,0.07177432711420906,5.477425265069366,0.0251673124730587,5.5025925775424245,0.056717824190855026,5.534143089260221,bajo
2025-03-18,5.4685591727163,237.11830000000006,-0.08064041946727496,5.549199592183575,-0.09490589797496796,5.454293694208607,-0.10175706446170807,5.447442527721867,bajo
2025-03-19,5.545644861264981,256.1196866666667,0.07708568854868147,5.4685591727163,-0.05712103098630905,5.411438141729991,-0.040042296051979065,5.428516876664321,bajo
2025-03-20,5.596683207504991,269.530945,0.05103834624000925,5.545644861264981,-0.06983225047588348,5.475812610789098,-0.04320729523897171,5.50243756602601,medio
2025-03-21,5.419143825549028,225.68581333333327,-0.1775393819559623,5.596683207504991,-0.09595455974340439,5.500728647761586,-0.1204734519124031,5.4762097555925875,bajo
2025-03-22,5.337056184762447,207.89979000000002,-0.0820876407865816,5.419143825549028,-0.08279719948768616,5.336346626061342,-0.0727597177028656,5.346384107846163,bajo
2025-03-23,5.075870780630343,160.11155333333338,-0.261185404132104,5.337056184762447,-0.07783572375774384,5.259220461004703,-0.09469597041606903,5.242360214346378,bajo
2025-03-24,5.2797174387188175,196.31439666666665,0.2038466580884748,5.075870780630343,0.10938674211502075,5.1852575227453634,0.11344080418348312,5.189311584813826,bajo
2025-03-25,5.6379313947123,280.8810849999999,0.3582139559934827,5.2797174387188175,-0.009168053045868874,5.270549385672949,0.007828271947801113,5.287545710666619,medio
2025-03-26,5.49771461970843,244.13335666666674,-0.14021677500387053,5.6379313947123,0.0068041239865124226,5.644735518698813,0.011008471250534058,5.648939865962834,bajo
2025-03-27,5.7141934749624586,303.139615,0.21647885525402888,5.49771461970843,-0.013604937121272087,5.484109682587158,-0.0036695608869194984,5.49404505882151,medio
2025-03-28,5.592711289055945,268.4625133333333,-0.1214821859065136,5.7141934749624586,-0.005119730718433857,5.709073744244025,0.012334669008851051,5.72652814397131,medio
2025-03-29,5.144225048906562,171.43857666666665,-0.448486240149383,5.592711289055945,-0.05047568306326866,5.542235605992676,-0.07203460484743118,5.520676684208514,bajo
2025-03-30,5.158338011373761,173.87523666666667,0.014112962467199175,5.144225048906562,-0.02016623318195343,5.1240588157246085,0.0034272363409399986,5.147652285247502,bajo
2025-03-31,5.5366327808771745,253.82188500000007,0.37829476950341334,5.158338011373761,-0.025393309071660042,5.132944702302101,-0.055534057319164276,5.102803954054597,bajo
2025-04-01,5.320480049857121,204.48202000000003,-0.2161527310200535,5.5366327808771745,-0.07883160561323166,5.457801175263943,-0.07879592478275299,5.4578368560944215,bajo
2025-04-02,5.367415570265132,214.3082866666667,0.0469355204080113,5.320480049857121,-0.028260136023163795,5.292219913833957,-0.01617530547082424,5.304304744386297,bajo
2025-04-03,5.404254021205911,222.35028999999997,0.03683845094077842,5.367415570265132,-0.040940675884485245,5.326474894380647,-0.06434334069490433,5.303072229570228,bajo
2025-04-04,5.0826142849099725,161.19491500000004,-0.32163973629593823,5.404254021205911,-0.01550650130957365,5.388747519896337,-0.001674054772593081,5.402579966433318,bajo
2025-04-05,4.777640573401105,118.8236633333333,-0.3049737115088673,5.0826142849099725,-0.061049677431583405,5.021564607478389,-0.03923802077770233,5.04337626413227,bajo
2025-04-06,4.8832416996076535,132.05806333333337,0.10560112620654838,4.777640573401105,-0.004574413411319256,4.773066159989786,0.036620330065488815,4.814260903466594,bajo
2025-04-07,5.153400027925021,173.01875999999996,0.2701583283173674,4.8832416996076535,0.15992625057697296,5.0431679501846265,0.1453237235546112,5.028565423162265,bajo
2025-04-08,5.438573360772523,230.11366,0.2851733328475019,5.153400027925021,-0.0037151151336729527,5.149684912791348,0.036101631820201874,5.189501659745223,bajo
2025-04-09,5.309132554327716,202.17477666666665,-0.1294408064448067,5.438573360772523,-0.0723881646990776,5.366185196073445,-0.03877341002225876,5.399799950750264,bajo
2025-04-10,5.055409404707377,156.86874000000003,-0.25372314962033915,5.309132554327716,-0.061553068459033966,5.247579485868682,-0.09715472161769867,5.2119778327100175,bajo
2025-04-11,4.755307465745859,116.19937499999999,-0.30010193896151804,5.055409404707377,-0.1749981790781021,4.880411225629275,-0.20757199823856354,4.8478374064688134,bajo
2025-04-12,4.726305478030686,112.87776166666664,-0.029001987715172817,4.755307465745859,-0.15867668390274048,4.5966307818431185,-0.13053330779075623,4.624774157955103,bajo
2025-04-13,4.70581309120021,110.58816666666667,-0.02049238683047605,4.726305478030686,-0.05713814124464989,4.669167336786036,-0.11847962439060211,4.607825853640084,bajo
2025-04-14,4.723356903117107,112.54542333333337,0.017543811916897134,4.70581309120021,0.026210416108369827,4.73202350730858,0.08339349925518036,4.78920659045539,bajo
2025-04-15,4.838972714695957,126.33949833333334,0.11561581157884948,4.723356903117107,-0.024561280384659767,4.698795622732447,-0.05855925753712654,4.664797645579981,bajo
2025-04-16,4.828453927475199,125.01752499999998,-0.010518787220757275,4.838972714695957,-0.03645126894116402,4.802521445754793,-0.05443800240755081,4.784534712288406,bajo
2025-04-17,4.736600297466902,114.04582,-0.0918536300082975,4.828453927475199,-0.03210943937301636,4.796344488102183,-0.05410902947187424,4.774344898003325,bajo
2025-04-18,4.738416906847452,114.25318500000002,0.0018166093805502825,4.736600297466902,-0.05341966077685356,4.683180636690048,-0.030680149793624878,4.705920147673277,bajo
2025-04-19,4.7610019947829905,116.86296333333335,0.02258508793553826,4.738416906847452,-0.04429193586111069,4.6941249709863415,-0.004671096336096525,4.733745810511356,bajo
2025-04-20,4.759785929085232,116.72093666666662,-0.0012160656977586726,4.7610019947829905,-0.07601837813854218,4.684983616644448,-0.054322827607393265,4.706679167175597,bajo
2025-04-21,4.7121242512710015,111.2883133333333,-0.04766167781423025,4.759785929085232,-0.07446084171533585,4.685325087369896,-0.10322974622249603,4.656556182862736,bajo
2025-04-22,4.985028908865022,146.2078016666667,0.2729046575940206,4.7121242512710015,-0.10120357573032379,4.610920675540678,-0.09215355664491653,4.619970694626085,bajo
2025-04-23,5.071845292258939,159.46832166666664,0.08681638339391728,4.985028908865022,-0.08526154607534409,4.899767362789678,-0.09077239781618118,4.894256511048841,bajo
2025-04-24,5.052438822754238,156.40344000000002,-0.019406469504701818,5.071845292258939,-0.12130831182003021,4.950536980438909,-0.15817473828792572,4.913670553971014,bajo
2025-04-25,4.753441401302079,115.9827416666667,-0.29899742145215846,5.052438822754238,-0.11013593524694443,4.942302887507293,-0.1253204047679901,4.9271184179862475,bajo
2025-04-26,4.708504119514855,110.88616333333334,-0.04493728178722378,4.753441401302079,-0.02948409505188465,4.7239573062501945,0.0137078408151865,4.767149242117266,bajo
2025-04-27,4.709961279555927,111.04785999999997,0.001457160041071326,4.708504119514855,-0.2051997035741806,4.503304415940675,-0.2519296705722809,4.4565744489425745,bajo
2025-04-28,4.698791622485957,109.81439499999999,-0.011169657069969752,4.709961279555927,0.055936846882104874,4.765898126438032,0.12601345777511597,4.835974737331043,bajo
2025-04-29,4.689830753377666,108.83475833333335,-0.008960869108291192,4.698791622485957,-0.10035311430692673,4.59843850817903,-0.11222303658723831,4.586568585898719,bajo
2025-04-30,4.68275586224599,108.06748166666664,-0.007074891131675365,4.689830753377666,-0.10584643483161926,4.5839843185460465,-0.06088646128773689,4.628944292089929,bajo
2025-05-01,4.678962461886423,107.658315,-0.0037934003595676558,4.68275586224599,-0.08698903769254684,4.5957668245534435,-0.11800523847341537,4.564750623772575,bajo
2025-05-02,4.689121046872505,108.757545,0.010158584986082353,4.678962461886423,-0.10040286928415298,4.57855959260227,-0.12685298919677734,4.552109472689645,bajo
2025-05-03,4.6849685868980835,108.30686999999995,-0.004152459974421596,4.689121046872505,-0.09413717687129974,4.594983870001205,-0.11946892738342285,4.569652119489082,bajo
2025-05-04,4.654462604958843,105.05275,-0.03050598193924081,4.6849685868980835,-0.12171751260757446,4.563251074290509,-0.1853833943605423,4.499585192537541,bajo
2025-05-05,4.680457636093661,107.81940333333331,0.02599503113481827,4.654462604958843,0.05080477520823479,4.7052673801670775,0.10197251290082932,4.756435117859672,bajo
2025-05-06,5.036792070048479,153.97528000000003,0.35633443395481823,4.680457636093661,-0.08002999424934387,4.600427641844317,-0.13329783082008362,4.547159805273577,bajo
2025-05-07,4.715526884910661,111.66763166666662,-0.3212651851378183,5.036792070048479,-0.149862140417099,4.88692992963138,-0.12945020198822021,4.907341868060259,bajo
2025-05-08,4.681061503939767,107.88453166666669,-0.03446538097089391,4.715526884910661,-0.0879347175359726,4.627592167374688,-0.12107730656862259,4.594449578342038,bajo
2025-05-09,4.666084726558336,106.28080833333327,-0.014976777381431106,4.681061503939767,-0.08953268826007843,4.5915288156796885,-0.09330938756465912,4.587752116375108,bajo
2025-05-10,4.6587222640685795,105.50119333333333,-0.007362462489756361,4.666084726558336,-0.04199724644422531,4.6240874801141105,-0.036698441952466965,4.629386284605869,bajo
2025-05-11,4.698280462931088,109.75827666666667,0.03955819886250822,4.6587222640685795,-0.029634298756718636,4.629087965311861,-0.044632963836193085,4.614089300232386,bajo
2025-05-12,5.032854302423115,153.37015333333332,0.3345738394920277,4.698280462931088,0.11665075272321701,4.814931215654305,0.16314662992954254,4.86142709286063,bajo
2025-05-13,5.20591117275841,182.3469466666667,0.17305687033529438,5.032854302423115,-0.03686029836535454,4.995994004057761,-0.0021445290185511112,5.030709773404564,bajo
2025-05-14,5.104883576954202,164.82487999999995,-0.10102759580420795,5.20591117275841,-0.08675596117973328,5.1191552115786765,-0.07678128778934479,5.129129884969065,bajo
2025-05-15,4.814090694334673,123.23470333333329,-0.2907928826195292,5.104883576954202,-0.02564181759953499,5.079241759354667,-0.006226265337318182,5.098657311616884,bajo
2025-05-16,4.708873409094962,110.92711999999996,-0.10521728523971063,4.814090694334673,-0.023821204900741577,4.790269489433931,-0.023600438609719276,4.790490255724953,bajo
2025-05-17,4.72614182154123,112.85928999999997,0.017268412446267867,4.708873409094962,-0.08364754170179367,4.625225867393168,-0.12406150996685028,4.584811899128112,bajo
2025-05-18,4.6758781369960944,107.32677333333332,-0.05026368454513541,4.72614182154123,-0.12085022032260895,4.605291601218621,-0.17507848143577576,4.551063340105454,bajo
2025-05-19,4.819203148300564,123.8663483333333,0.14332501130446929,4.6758781369960944,-0.011340274475514889,4.66453786252058,0.031090203672647476,4.706968340668742,bajo
2025-05-20,5.13708791903639,170.21935333333334,0.31788477073582655,4.819203148300564,-0.05562150850892067,4.763581639791643,-0.04466592147946358,4.7745372268211,bajo
2025-05-21,5.134260902708718,169.73881999999998,-0.0028270163276724602,5.13708791903639,-0.10027279704809189,5.036815121988298,-0.03180614858865738,5.105281770447733,bajo
2025-05-22,5.052917352870417,156.47830166666665,-0.08134354983830061,5.134260902708718,-0.10427810996770859,5.029982792741009,-0.035119131207466125,5.099141771501252,bajo
2025-05-23,5.161895801395636,174.49495000000002,0.10897844852521921,5.052917352870417,-0.12189450114965439,4.931022851720763,-0.08197343349456787,4.970943919375849,bajo
2025-05-24,4.700057533987405,109.95349833333336,-0.46183826740823175,5.161895801395636,-0.07553831487894058,5.086357486516696,-0.030911512672901154,5.130984288722735,bajo
2025-05-25,4.695126620646101,109.41266166666666,-0.0049309133413038,4.700057533987405,0.03569360449910164,4.735751138486506,0.036469459533691406,4.736526993521096,bajo
2025-05-26,4.70637538024364,110.65036666666667,0.011248759597538793,4.695126620646101,0.18701200187206268,4.8821386225181636,0.2320787012577057,4.927205321903807,bajo
2025-05-27,4.811805354021183,122.95339166666666,0.10542997377754304,4.70637538024364,-0.020545046776533127,4.6858303334671065,-0.04794734716415405,4.658428033079486,bajo
2025-05-28,4.802857977922813,121.85818833333336,-0.008947376098369375,4.811805354021183,-0.0745633915066719,4.737241962514511,-0.07649672031402588,4.735308633707157,bajo
2025-05-29,5.031192092271763,153.11543166666667,0.22833411434894924,4.802857977922813,0.0025080132763832808,4.805365991199197,-0.0041315192356705666,4.798726458687143,bajo
2025-05-30,4.696945154593512,109.61181333333333,-0.33424693767825087,5.031192092271763,-0.002192008774727583,5.029000083497035,0.010302737355232239,5.041494829626995,bajo
2025-05-31,4.680060179664211,107.77655833333331,-0.016884974929300967,4.696945154593512,-0.10602288693189621,4.5909222676616155,-0.08511774241924286,4.611827412174269,bajo
2025-06-01,4.682611929469567,108.05192833333336,0.002551749805355996,4.680060179664211,-0.043959107249975204,4.6361010724142355,-0.03001491166651249,4.650045267997698,bajo
2025-06-02,4.689679028693705,108.8182466666667,0.007067099224138396,4.682611929469567,-0.018428148701786995,4.66418378076778,-0.075735904276371,4.606876025193196,bajo
2025-06-03,4.6884467974150965,108.68424,-0.0012322312786086087,4.689679028693705,0.004750886932015419,4.6944299156257205,-0.012374678626656532,4.677304350067049,bajo
2025-06-04,4.675755264795515,107.3135866666667,-0.012691532619581558,4.6884467974150965,-0.02724047377705574,4.661206323638041,-0.0236920565366745,4.664754740878422,bajo
2025-06-05,4.724569588693215,112.68198833333334,0.04881432389769991,4.675755264795515,-0.11950063705444336,4.556254627741072,-0.12049050629138947,4.5552647585041255,bajo
2025-06-06,4.6761304497778955,107.35385666666667,-0.04843913891531937,4.724569588693215,-0.20127302408218384,4.523296564611031,-0.23740710318088531,4.4871624855123295,bajo
2025-06-07,4.661535002605642,105.79835833333335,-0.014595447172253806,4.6761304497778955,-0.13527782261371613,4.540852627164179,-0.17213673889636993,4.503993710881526,bajo
2025-06-08,4.692169960132631,109.08964333333334,0.030634957526989304,4.661535002605642,-0.04465831443667412,4.616876688168968,-0.05103215202689171,4.61050285057875,bajo
2025-06-09,4.751376478283376,115.74349333333332,0.05920651815074507,4.692169960132631,0.005686035379767418,4.697855995512398,0.01994064450263977,4.712110604635271,bajo
2025-06-10,4.691097667441796,108.97273000000001,-0.06027881084157993,4.751376478283376,-0.05000936612486839,4.701367112158508,-0.07360512763261795,4.677771350650758,bajo
2025-06-11,4.68471400000411,108.27929999999998,-0.006383667437686036,4.691097667441796,-0.06872370839118958,4.6223739590506066,-0.11399678885936737,4.577100878582429,bajo
2025-06-12,4.713479509634943,111.43923999999994,0.028765509630832575,4.68471400000411,-0.0728086605668068,4.611905339437303,-0.11148940026760101,4.573224599736509,bajo
2025-06-13,4.694724163937693,109.36863666666665,-0.018755345697250014,4.713479509634943,-0.054473694413900375,4.659005815221042,-0.045891303569078445,4.667588206065864,bajo
2025-06-14,4.72206461954714,112.40007666666669,0.027340455609447645,4.694724163937693,-0.0416860394179821,4.6530381245197105,-0.06216007471084595,4.632564089226847,bajo
2025-06-15,4.7244690499737745,112.67065999999996,0.0024044304266341854,4.72206461954714,-0.1768427938222885,4.545221825724852,-0.16130132973194122,4.560763289815199,bajo
2025-06-16,4.711174644270356,111.18268333333334,-0.013294405703418555,4.7244690499737745,-0.08313270658254623,4.641336343391228,-0.05886084958910942,4.665608200384665,bajo
2025-06-17,4.660086499309242,105.64521999999994,-0.051088144961114246,4.711174644270356,-0.009729226119816303,4.70144541815054,0.004338458646088839,4.715513102916445,bajo
2025-06-18,4.659452589368194,105.57827166666665,-0.0006339099410475058,4.660086499309242,-0.04979443922638893,4.610292060082853,-0.07573659718036652,4.584349902128875,bajo
2025-06-19,4.681031826708696,107.88133,0.021579237340501933,4.659452589368194,0.01671595126390457,4.676168540632099,0.007881145924329758,4.667333735292524,bajo
2025-06-20,4.6646356421138435,106.12691000000001,-0.016396184594852592,4.681031826708696,0.015033222734928131,4.696065049443624,0.004178138915449381,4.6852099656241455,bajo
2025-06-21,4.662454458574162,105.89567999999998,-0.0021811835396814416,4.6646356421138435,-0.0007556569180451334,4.663879985195798,0.0010595917701721191,4.665695233884016,bajo
2025-06-22,4.666040895169606,106.27614999999999,0.003586436595443665,4.662454458574162,-0.01776050217449665,4.644693956399665,-0.01695483736693859,4.6454996212072235,bajo
2025-06-23,4.699979937568794,109.94496666666667,0.033939042399188324,4.666040895169606,0.06246083602309227,4.728501731192698,0.15031921863555908,4.816360113805165,bajo
2025-06-24,4.785247406698454,119.73098166666664,0.08526746912965955,4.699979937568794,0.005312649067491293,4.705292586636285,0.004092502873390913,4.704072440442185,bajo
2025-06-25,5.018032147577189,151.11364166666664,0.2327847408787358,4.785247406698454,-0.01719743199646473,4.768049974701989,-0.030035272240638733,4.755212134457815,bajo
2025-06-26,5.04050099638048,154.54742333333337,0.022468848803290697,5.018032147577189,-0.0477004311978817,4.970331716379308,0.006332616321742535,5.024364763898932,bajo
2025-06-27,4.842988060827959,126.84781499999998,-0.19751293555252136,5.04050099638048,-0.02665877155959606,5.013842224820884,0.024253912270069122,5.064754908650549,bajo
2025-06-28,4.670326360088793,106.73257,-0.17266170073916598,4.842988060827959,-0.03162680193781853,4.81136125889014,-0.0028133897576481104,4.840174671070311,bajo
2025-06-29,4.646519337536661,104.22159333333333,-0.023807022552131407,4.670326360088793,-0.024415267631411552,4.645911092457381,-0.01801624521613121,4.6523101148726616,bajo
2025-06-30,4.6716698765251685,106.87606333333332,0.025150538988507165,4.646519337536661,0.028024543076753616,4.674543880613415,0.03111535869538784,4.677634696232049,bajo
2025-07-01,4.663350882674383,105.99065000000003,-0.008318993850785716,4.6716698765251685,0.10480193048715591,4.776471807012324,0.09439732134342194,4.7660671978685905,bajo
2025-07-02,4.857037783464925,128.64257,0.19368690079054218,4.663350882674383,0.015276163816452026,4.678627046490835,0.015730904415249825,4.679081787089633,bajo
2025-07-03,4.745547924229298,115.07083833333337,-0.11148985923562726,4.857037783464925,-0.052837733179330826,4.804200050285594,-0.00789796095341444,4.8491398225115105,bajo
2025-07-04,4.74172752082822,114.63205999999997,-0.003820403401078032,4.745547924229298,-0.04208850488066673,4.703459419348631,-0.027964187785983086,4.717583736443315,bajo
2025-07-05,4.694162754676292,109.30725333333335,-0.04756476615192806,4.74172752082822,-0.05937816947698593,4.682349351351234,-0.09131631255149841,4.650411208276721,bajo
2025-07-06,4.690429417756297,108.89993333333335,-0.0037333369199945565,4.694162754676292,-0.04423413798213005,4.649928616694162,-0.058811821043491364,4.6353509336328,bajo
2025-07-07,4.884090422921245,132.17019166666668,0.1936610051649481,4.690429417756297,-0.003675720887258649,4.686753696869038,0.0011855290504172444,4.691614946806714,bajo
2025-07-08,5.022398611957982,151.77491666666663,0.1383081890367368,4.884090422921245,0.009237032383680344,4.8933274553049255,0.00304282084107399,4.887133243762319,bajo
2025-07-09,5.203077968405298,181.83105166666664,0.1806793564473157,5.022398611957982,0.016646170988678932,5.039044782946661,0.0456065908074379,5.06800520276542,bajo
2025-07-10,5.130539495772461,169.1083266666666,-0.07253847263283664,5.203077968405298,-0.0016538200434297323,5.201424148361868,0.020267916843295097,5.223345885248593,bajo
2025-07-11,4.95228431060419,141.49782000000008,-0.178255185168271,5.130539495772461,-0.015886858105659485,5.114652637666802,-0.007184010464698076,5.123355485307763,bajo
2025-07-12,4.812211035233309,123.00328166666667,-0.14007327537088088,4.95228431060419,-0.03671913966536522,4.915565170938825,0.004132531583309174,4.956416842187499,bajo
2025-07-13,4.781582651774678,119.29299999999996,-0.03062838345863117,4.812211035233309,-0.060432977974414825,4.751778057258894,-0.025097621604800224,4.787113413628509,bajo
2025-07-14,4.7023848238875905,110.20969000000001,-0.07919782788708751,4.781582651774678,0.059621989727020264,4.841204641501698,0.10159692913293839,4.883179580907616,bajo
2025-07-15,4.875242093191327,131.005865,0.17285726930373624,4.7023848238875905,0.014740302227437496,4.717125126115028,0.029573531821370125,4.731958355708961,bajo
2025-07-16,4.870882787232138,130.43601333333334,-0.004359305959188653,4.875242093191327,-0.027650607749819756,4.847591485441507,-0.020190907642245293,4.855051185549081,bajo
2025-07-17,4.794740655812312,120.87302999999999,-0.07614213141982606,4.870882787232138,-0.019007964059710503,4.851874823172428,-0.004129663575440645,4.866753123656697,bajo
2025-07-18,4.958821443190036,142.42584,0.16408078737772414,4.794740655812312,-0.0029817826580256224,4.791758873154286,-0.002494461601600051,4.792246194210712,bajo
2025-07-19,4.700622598101164,110.01564666666665,-0.2581988450888719,4.958821443190036,-0.02603852190077305,4.932782921289263,-0.010192007757723331,4.948629435432313,bajo
2025-07-20,4.704940676528074,110.49173000000003,0.004318078426909899,4.700622598101164,-0.022459831088781357,4.678162767012383,-0.0034145310055464506,4.697208067095618,bajo
2025-07-21,4.853103073670062,128.13739333333336,0.14816239714198787,4.704940676528074,0.0772503912448883,4.782191067772962,0.0933321863412857,4.79827286286936,bajo
2025-07-22,5.084078787596419,161.43115833333334,0.23097571392635707,4.853103073670062,0.0027843585703521967,4.855887432240414,0.010323124937713146,4.863426198607775,bajo
2025-07-23,5.123097026327066,167.85441500000005,0.03901823873064725,5.084078787596419,-0.01354029681533575,5.070538490781083,-0.0059128329157829285,5.078165954680636,bajo
2025-07-24,5.1149024122127935,166.48453333333336,-0.008194614114272802,5.123097026327066,-0.03505519777536392,5.088041828551702,-0.019136199727654457,5.103960826599412,bajo
2025-07-25,4.864474067127899,129.60275833333336,-0.2504283450848943,5.1149024122127935,-0.016214074566960335,5.098688337645833,-0.007786417845636606,5.107115994367157,bajo
2025-07-26,4.806954878906421,122.35845333333334,-0.0575191882214785,4.864474067127899,0.0258354339748621,4.890309501102761,0.017071222886443138,4.881545290014342,bajo
2025-07-27,4.688580539847337,108.69877666666666,-0.11837433905908412,4.806954878906421,-0.002296243794262409,4.804658635112158,-0.007216316182166338,4.799738562724254,bajo
2025-07-28,5.002837917861053,148.8349416666667,0.3142573780137168,4.688580539847337,0.11854870617389679,4.807129246021233,0.1388225108385086,4.827403050685845,bajo
2025-07-29,4.883950101560382,132.15164666666666,-0.11888781630067147,5.002837917861053,0.003011514898389578,5.005849432759443,0.02862861193716526,5.031466529798219,bajo
2025-07-30,5.196547895364954,180.64755,0.31259779380457253,4.883950101560382,-0.006823025643825531,4.877127075916556,0.0016535064205527306,4.885603607980935,bajo
2025-07-31,5.193208060075281,180.04522333333333,-0.0033398352896734096,5.196547895364954,-0.04604695364832878,5.150500941716626,-0.021776607260107994,5.174771288104846,bajo
2025-08-01,5.209717728939996,183.04238333333333,0.016509668864714833,5.193208060075281,-0.02577577717602253,5.1674322828992585,-0.0045578815042972565,5.188650178570984,bajo
2025-08-02,4.869356328289366,130.23705999999996,-0.3403614006506297,5.209717728939996,-0.04016660898923874,5.169551119950757,-0.012058593332767487,5.197659135607228,bajo
2025-08-03,4.724223925069914,112.64304499999999,-0.14513240321945187,4.869356328289366,0.0022076370660215616,4.871563965355388,-0.012426319532096386,4.85693000875727,bajo
2025-08-04,5.065728725474879,158.49589999999998,0.341504800404965,4.724223925069914,0.12661013007164001,4.850834055141554,0.16755728423595428,4.891781209305869,bajo
2025-08-05,5.354406699865738,211.53843333333336,0.2886779743908585,5.065728725474879,-0.025597672909498215,5.040131052565381,0.031636353582143784,5.097365079057023,bajo
2025-08-06,5.30044504310475,200.42598833333338,-0.053961656760987964,5.354406699865738,-0.02098352648317814,5.33342317338256,0.02997381053864956,5.384380510404387,bajo
2025-08-07,5.041032568885397,154.62959833333335,-0.2594124742193529,5.30044504310475,0.012745501473546028,5.313190544578296,0.040833357721567154,5.341278400826317,bajo
2025-08-08,5.115748919279136,166.6255233333333,0.07471635039373936,5.041032568885397,0.028752407059073448,5.06978497594447,0.056088607758283615,5.097121176643681,bajo
2025-08-09,4.738343135212786,114.24475666666666,-0.37740578406635006,5.115748919279136,-0.06991676986217499,5.045832149416961,-0.06000516191124916,5.055743757367887,bajo
2025-08-10,4.796140470591744,121.04234833333335,0.05779733537895737,4.738343135212786,0.001801191596314311,4.740144326809101,-0.007896512746810913,4.730446622465975,bajo
2025-08-11,5.165964793128771,175.206415,0.3698243225370277,4.796140470591744,0.107693150639534,4.903833621231278,0.14563462138175964,4.941775091973503,bajo
2025-08-12,5.3062279369855005,201.58838833333334,0.14026314385672922,5.165964793128771,-0.00783320888876915,5.158131584240002,0.043172962963581085,5.209137756092352,bajo
2025-08-13,5.401353172160144,221.70621999999995,0.09512523517464366,5.3062279369855005,-0.00953624863177538,5.296691688353725,0.03914783149957657,5.345375768485077,bajo
2025-08-14,5.793738452328605,328.23783499999996,0.39238528016846086,5.401353172160144,-0.029776379466056824,5.371576792694087,0.03286762908101082,5.434220801241155,medio
2025-08-15,5.396121192207322,220.54928666666672,-0.39761726012128307,5.793738452328605,0.009167751297354698,5.80290620362596,0.04359583184123039,5.8373342841698355,bajo
2025-08-16,5.370263027591192,214.91939,-0.025858164616129997,5.396121192207322,0.019685707986354828,5.415806900193677,0.031147439032793045,5.427268631240115,bajo
2025-08-17,5.446106238635706,231.8536233333334,0.07584321104451419,5.370263027591192,-0.047224074602127075,5.323038952989065,-0.05496257171034813,5.315300455880844,bajo
2025-08-18,5.572727429224469,263.1508466666667,0.12662119058876264,5.446106238635706,0.10945194214582443,5.555558180781531,0.14510898292064667,5.591215221556353,bajo
2025-08-19,5.776342322098892,322.5771466666667,0.20361489287442325,5.572727429224469,0.03858266398310661,5.6113100932075755,0.07099157571792603,5.643719004942395,medio
2025-08-20,5.705517629515053,300.5209983333334,-0.07082469258383917,5.776342322098892,-0.02922196127474308,5.747120360824149,-0.014611434191465378,5.761730887907427,medio
2025-08-21,5.714924042899009,303.36116000000015,0.009406413383955758,5.705517629515053,-0.013021150603890419,5.6924964789111625,0.016976933926343918,5.722494563441397,medio
2025-08-22,5.637888831310693,280.86913,-0.07703521158831528,5.714924042899009,-0.0851699635386467,5.629754079360362,-0.06803743541240692,5.646886607486602,medio
2025-08-23,5.428579151074779,227.82531000000006,-0.209309680235914,5.637888831310693,-0.049219273030757904,5.5886695582799355,-0.03663334622979164,5.601255485080902,bajo
2025-08-24,5.466230986832805,236.56688666666662,0.037651835758025776,5.428579151074779,-0.05084500461816788,5.3777341464566115,-0.06875357031822205,5.359825580756557,bajo
2025-08-25,5.695751031005266,297.60021666666665,0.2295200441724612,5.466230986832805,0.06134690344333649,5.527577890276142,0.047289248555898666,5.513520235388704,medio
2025-08-26,5.791536608603944,327.5159016666667,0.09578557759867756,5.695751031005266,0.0007762192981317639,5.696527250303398,0.006485686171799898,5.702236717177066,medio
2025-08-27,5.772587801891162,321.368295,-0.018948806712781874,5.791536608603944,-0.010069603100419044,5.781467005503525,-0.0018626576056703925,5.7896739509982735,medio
2025-08-28,6.115187407028629,452.68087500000007,0.3425996051374671,5.772587801891162,-0.028898557648062706,5.743689244243099,-0.00013316897093318403,5.772454632920229,medio
2025-08-29,5.984213744289681,397.1101683333332,-0.13097366273894817,6.115187407028629,-0.009898902848362923,6.105288504180266,0.01046779379248619,6.125655200821115,medio
2025-08-30,5.813677483940738,334.84826333333325,-0.17053626034894265,5.984213744289681,0.003667260054498911,5.98788100434418,0.010713771916925907,5.994927516206607,medio
2025-08-31,5.598891009470828,270.12667333333326,-0.21478647446991062,5.813677483940738,-0.016274873167276382,5.797402610773462,0.006653571967035532,5.820331055907774,medio
2025-09-01,5.875941661636834,356.3600733333333,0.27705065216600655,5.598891009470828,0.15583354234695435,5.754724551817782,0.13092507421970367,5.729816083690531,medio
2025-09-02,5.60414783729374,271.5504216666667,-0.27179382434309396,5.875941661636834,-0.031056661158800125,5.844885000478034,0.006776215508580208,5.8827178771454145,medio
2025-09-03,5.514513721882033,248.26922000000005,-0.08963411541170707,5.60414783729374,0.010366283357143402,5.614514120650884,0.04495798423886299,5.649105821532603,bajo
2025-09-04,5.489096219105657,242.03835833333332,-0.02541750277637611,5.514513721882033,0.012901324778795242,5.5274150466608285,0.015391250140964985,5.529904972022998,bajo
2025-09-05,5.443067758934795,231.15021000000002,-0.04602846017086204,5.489096219105657,-0.025891488417983055,5.463204730687674,-0.018867099657654762,5.470229119448002,bajo
2025-09-06,4.8685800062356925,130.13599333333337,-0.5744877526991026,5.443067758934795,-0.09358424693346024,5.349483512001335,-0.0982423722743988,5.344825386660396,bajo
2025-09-07,4.6586376958884985,105.49227166666664,-0.20994231034719402,4.8685800062356925,0.0244974996894598,4.893077505925152,0.07322061061859131,4.941800616854284,bajo
2025-09-08,5.39547594307473,220.40702333333334,0.7368382471862311,4.6586376958884985,0.278270959854126,4.9369086557426245,0.1680797040462494,4.826717399934748,bajo
2025-09-09,5.473103694960217,238.19834166666666,0.07762775188548776,5.39547594307473,0.021535836160182953,5.417011779234913,0.06066528335213661,5.456141226426866,bajo
2025-09-10,5.486427056400214,241.39318000000003,0.013323361439996795,5.473103694960217,0.05198667570948601,5.525090370669703,0.07371488958597183,5.546818584546189,bajo
2025-09-11,5.736522629579095,309.98460333333327,0.2500955731788812,5.486427056400214,0.0620323084294796,5.548459364829694,0.05427985265851021,5.540706909058724,medio
2025-09-12,5.6570810483875,286.31169166666666,-0.07944158119159539,5.736522629579095,0.011645183898508549,5.748167813477604,0.044314876198768616,5.780837505777864,medio
2025-09-13,5.392078650462506,219.6595066666666,-0.26500239792499425,5.6570810483875,-0.042560212314128876,5.614520836073371,0.022076457738876343,5.679157506126376,bajo
2025-09-14,5.289931620926148,198.32986333333335,-0.10214702953635779,5.392078650462506,0.10082336515188217,5.492902015614388,0.0816890299320221,5.473767680394528,bajo
2025-09-15,5.813727639729671,334.86505833333337,0.5237960188035231,5.289931620926148,0.18966931104660034,5.479600931972748,0.21448831260204315,5.504419933528191,medio
2025-09-16,5.915798949023057,370.85047499999996,0.10207130929338604,5.813727639729671,0.055442314594984055,5.869169954324655,0.05630335211753845,5.87003099184721,medio
2025-09-17,5.8785341138214475,357.2851183333333,-0.037264835201609614,5.915798949023057,0.04500311613082886,5.960802065153886,0.026661328971385956,5.942460277994443,medio
2025-09-18,5.725637216058086,306.6285916666665,-0.15289689776336157,5.8785341138214475,0.02544277533888817,5.903976889160336,0.014691194519400597,5.893225308340848,medio
2025-09-19,5.7235571331516715,305.99144166666656,-0.002080082906414482,5.725637216058086,-0.0018503464525565505,5.723786869605529,-0.03542990982532501,5.690207306232761,medio
2025-09-20,5.608144174359569,272.63780000000014,-0.11541295879210267,5.7235571331516715,-0.017697470262646675,5.705859662889025,-0.03643301501870155,5.68712411813297,medio
2025-09-21,5.528998055477023,251.89140333333333,-0.07914611888254619,5.608144174359569,0.0023228349164128304,5.610467009275982,-0.03761397302150726,5.5705302013380615,bajo
2025-09-22,5.8715363105901766,354.79363499999994,0.34253825511315394,5.528998055477023,0.15048834681510925,5.679486402292132,0.17444168031215668,5.703439735789179,medio
2025-09-23,5.850255081952044,347.322965,-0.021281228638132532,5.8715363105901766,0.01815182901918888,5.889688139609365,0.017237266525626183,5.888773577115803,medio
2025-09-24,6.0511802618758725,424.6138899999999,0.20092517992382852,5.850255081952044,0.01638687588274479,5.866641957834789,0.030034177005290985,5.880289258957335,medio
2025-09-25,6.2131380951632975,499.26553833333327,0.16195783328742497,6.0511802618758725,0.018097784370183945,6.0692780462460565,0.019765840843319893,6.070946102719192,medio
2025-09-26,6.1704140638487655,478.3841466666666,-0.04272403131453206,6.2131380951632975,0.029576830565929413,6.242714925729227,0.0157802514731884,6.228918346636486,medio
2025-09-27,5.687922783095535,295.2796233333333,-0.4824912807532309,6.1704140638487655,0.02025175839662552,6.190665822245391,0.03553397208452225,6.205948035933288,medio
2025-09-28,5.750489836377084,314.34460000000007,0.06256705328154943,5.687922783095535,0.03533385694026947,5.723256640035804,-0.006961412262171507,5.680961370833363,medio
2025-09-29,5.790071377761452,327.0363666666667,0.03958154138436765,5.750489836377084,0.13131755590438843,5.881807392281472,0.1100698933005333,5.860559729677617,medio
2025-09-30,5.605178465034397,271.83043333333336,-0.18489291272705444,5.790071377761452,0.0029150196351110935,5.792986397396563,0.03068332001566887,5.8207546977771205,medio
2025-10-01,5.733193115976396,308.9542216666667,0.12801465094199838,5.605178465034397,0.031607840210199356,5.636786305244597,0.021128907799720764,5.626307372834118,medio
2025-10-02,5.701542885313816,299.32887500000004,-0.03165023066257966,5.733193115976396,-0.0027148504741489887,5.730478265502247,0.0218148585408926,5.755007974517288,medio
2025-10-03,5.708349972184444,301.37338333333327,0.006807086870628254,5.701542885313816,0.0049804155714809895,5.706523300885297,0.018693001940846443,5.720235887254662,medio
2025-10-04,5.406225958101409,222.78918333333328,-0.30212401408303524,5.708349972184444,-0.07068220525979996,5.637667766924644,-0.03747477009892464,5.6708752020855195,bajo
2025-10-05,5.343859937594116,209.3191116666666,-0.062366020507292674,5.406225958101409,0.055672354996204376,5.461898313097613,0.026788797229528427,5.433014755330937,bajo
2025-10-06,5.429979572706474,228.14458499999998,0.08611963511235743,5.343859937594116,0.15134240686893463,5.495202344463051,0.10524675995111465,5.449106697545231,bajo
2025-10-07,5.572807988137181,263.1720466666666,0.14282841543070735,5.429979572706474,0.007863260805606842,5.4378428335120805,-0.003586780745536089,5.426392791960938,bajo
2025-10-08,5.461227937677548,235.38628666666668,-0.11158005045963293,5.572807988137181,0.049549661576747894,5.622357649713929,0.06699833273887634,5.639806320876057,bajo
2025-10-09,5.456206492526406,234.2072699999999,-0.00502144515114189,5.461227937677548,-0.008493101224303246,5.452734836453245,-0.02551097236573696,5.435716965311811,bajo
2025-10-10,5.173967116995534,176.61409833333332,-0.28223937553087186,5.456206492526406,0.046886999160051346,5.503093491686458,0.03798376023769379,5.4941902527641,bajo
2025-10-11,4.861349323471394,129.19841500000004,-0.3126177935241401,5.173967116995534,-0.013667484745383263,5.160299632250151,-0.010263378731906414,5.163703738263628,bajo
2025-10-12,4.684864525296106,108.29559999999998,-0.17648479817528795,4.861349323471394,0.060553282499313354,4.921902605970708,-0.011827768757939339,4.849521554713455,bajo
2025-10-13,4.697144352938662,109.63364999999997,0.012279827642555752,4.684864525296106,0.31175845861434937,4.996622983910456,0.2647768557071686,4.949641381003275,bajo
2025-10-14,4.985153518254017,146.2260216666667,0.2880091653153549,4.697144352938662,0.2721030116081238,4.969247364546786,0.25795307755470276,4.955097430493365,bajo
2025-10-15,5.203857994703951,181.97294,0.2187044764499344,4.985153518254017,0.036389559507369995,5.021543077761387,0.03622984141111374,5.021383359665131,bajo
2025-10-16,5.1650775409375305,175.05103166666672,-0.03878045376642092,5.203857994703951,0.05207262560725212,5.2559306203112035,0.05528049170970917,5.2591384864136606,bajo
2025-10-17,5.064322643224244,158.27319833333334,-0.10075489771328616,5.1650775409375305,-0.026391441002488136,5.138686099935042,-0.03272604942321777,5.132351491514313,bajo
2025-10-18,5.06470489431107,158.33371000000002,0.000382251086826102,5.064322643224244,-0.04756820946931839,5.016754433754926,-0.03425852581858635,5.030064117405658,bajo
2025-10-19,4.799116935397394,121.4031633333333,-0.2655879589136765,5.06470489431107,0.0015251843724399805,5.06623007868351,-0.04745878279209137,5.017246111518979,bajo
2025-10-20,4.98163319175745,145.71216333333334,0.18251625636005642,4.799116935397394,0.14864879846572876,4.947765733863123,0.13281936943531036,4.931936304832704,bajo
2025-10-21,5.185639085682201,178.68761000000003,0.20400589392475066,4.98163319175745,0.08299875259399414,5.0646319443514445,0.12239409983158112,5.1040272915890315,bajo
2025-10-22,4.808561853518648,122.55523833333336,-0.37707723216355316,5.185639085682201,0.026381082832813263,5.212020168515014,0.024416211992502213,5.210055297674703,bajo
2025-10-23,4.924565049859808,137.62946666666667,0.1160031963411603,4.808561853518648,0.009490800090134144,4.818052653608782,0.023363782092928886,4.831925635611577,bajo
2025-10-24,4.830191932389131,125.23499499999997,-0.09437311747067678,4.924565049859808,-0.03546803444623947,4.889097015413569,-0.03560834005475044,4.888956709805058,bajo
2025-10-25,4.736147409080316,113.99418166666668,-0.09404452330881519,4.830191932389131,-0.0035883644595742226,4.826603567929557,-0.007642075419425964,4.822549856969705,bajo
2025-10-26,4.632639200966535,102.78497666666664,-0.10350820811378103,4.736147409080316,-0.03753205016255379,4.698615358917762,-0.07389365136623383,4.662253757714082,bajo
2025-10-27,4.653194072514803,104.91957166666667,0.02055487154826796,4.632639200966535,0.11208491027355194,4.744724111240087,0.12502825260162354,4.757667453568159,bajo
2025-10-28,5.133520599649265,169.61320833333335,0.4803265271344621,4.653194072514803,-0.04975748807191849,4.603436584442885,-0.06497880816459656,4.5882152643502065,bajo
2025-10-29,4.767360858282032,117.60844666666668,-0.36615974136723306,5.133520599649265,-0.023223407566547394,5.110297192082718,-0.009328889660537243,5.124191709988728,bajo
2025-10-30,4.67510811965196,107.2441616666667,-0.092252738630072,4.767360858282032,0.03659513220191002,4.803955990483942,0.025989998131990433,4.793350856414023,bajo
2025-10-31,4.648158584160438,104.39257833333333,-0.026949535491522347,4.67510811965196,-0.04214731603860855,4.632960803613352,-0.05088680982589722,4.624221309826063,bajo
2025-11-01,5.056081248285121,156.97416666666663,0.40792266412468337,4.648158584160438,0.011963903903961182,4.660122488064399,-0.02951725386083126,4.6186413302996066,bajo
2025-11-02,4.635468843918743,103.07623333333332,-0.4206124043663779,5.056081248285121,0.017388001084327698,5.073469249369449,0.01825670525431633,5.0743379535394375,bajo
2025-11-03,4.639352732070035,103.47734833333334,0.0038838881512921475,4.635468843918743,0.2182665318250656,4.853735375743809,0.21295931935310364,4.848428163271847,bajo
2025-11-04,5.173225725482154,176.4832066666667,0.5338729934121185,4.639352732070035,0.11494454741477966,4.754297279484815,0.07207494974136353,4.711427681811399,bajo
2025-11-05,5.2533830216439865,191.21204999999998,0.08015729616183265,5.173225725482154,-0.055199433118104935,5.118026292364049,-0.06256794929504395,5.11065777618711,bajo
2025-11-06,5.090795738428303,162.51913333333331,-0.16258728321568316,5.2533830216439865,-0.02964710257947445,5.223735919064512,-0.024684762582182884,5.228698259061804,bajo
2025-11-07,5.419679648313194,225.80677333333335,0.32888390988489036,5.090795738428303,-0.02770625799894333,5.06308948042936,-0.026186613366007805,5.0646091250622955,bajo
2025-11-08,5.05263033899048,156.4333966666667,-0.36704930932271385,5.419679648313194,-0.019313044846057892,5.400366603467136,-0.0027048515621572733,5.416974796751036,bajo
2025-11-09,4.986012241864284,146.3516433333333,-0.06661809712619604,5.05263033899048,-0.060698624700307846,4.991931714290172,-0.058420874178409576,4.99420946481207,bajo
2025-11-10,5.460315729741348,235.1716633333333,0.474303487877064,4.986012241864284,0.05506346374750137,5.041075705611785,0.07598413527011871,5.0619963771344025,bajo
2025-11-11,5.6649749774507825,288.58076,0.20465924770943467,5.460315729741348,-0.0015782053815200925,5.458737524359828,0.01032379548996687,5.470639525231315,medio
2025-11-12,5.71944744689793,304.73649333333327,0.054472469447147454,5.6649749774507825,-0.026263155043125153,5.638711822407657,-0.03573667258024216,5.62923830487054,medio
2025-11-13,5.692146775033291,296.52952,-0.027300671864638915,5.71944744689793,-0.03239843621850014,5.68704901067943,-0.050665661692619324,5.668781785205311,medio
2025-11-14,5.686480736860629,294.85412333333323,-0.005666038172662091,5.692146775033291,-0.03903532773256302,5.653111447300728,-0.06106891855597496,5.631077856477316,medio
2025-11-15,5.495243204229602,243.5307466666667,-0.1912375326310265,5.686480736860629,-0.09897913038730621,5.587501606473323,-0.12875808775424957,5.557722649106379,bajo
2025-11-16,5.193278632446305,180.05792999999997,-0.30196457178329705,5.495243204229602,-0.10920251160860062,5.386040692621002,-0.09298162907361984,5.402261575155983,bajo
2025-11-17,5.23655803765329,188.0218233333333,0.04327940520698448,5.193278632446305,0.14060212671756744,5.333880759163873,0.015238812193274498,5.20851744463958,bajo
2025-11-18,5.433331672654331,228.91063166666672,0.1967736350010414,5.23655803765329,-0.007227052003145218,5.229330985650145,0.013438018038868904,5.249996055692159,bajo
2025-11-19,5.83593516313813,342.38477000000006,0.4026034904837985,5.433331672654331,-0.036681003868579865,5.396650668785751,0.009412623941898346,5.44274429659623,medio
2025-11-20,5.394894205921524,220.2788416666667,-0.44104095721660563,5.83593516313813,-0.040527958422899246,5.7954072047152305,-0.024982059374451637,5.810953103763678,bajo
2025-11-21,5.599896661213805,270.3984633333334,0.20500245529228067,5.394894205921524,-0.019834117963910103,5.375060087957614,0.02088668942451477,5.415780895346039,medio
2025-11-22,5.298370365143586,200.01059999999998,-0.30152629607021897,5.599896661213805,-0.031625717878341675,5.568270943335463,-0.017550818622112274,5.5823458425916925,bajo
2025-11-23,5.238693964177426,188.4238533333333,-0.05967640096615945,5.298370365143586,-0.036178525537252426,5.262191839606333,-0.01808883622288704,5.280281528920699,bajo
2025-11-24,5.4420390096750495,230.91253666666668,0.2033450454976231,5.238693964177426,0.06749987602233887,5.306193840199765,0.09133641421794891,5.330030378395375,bajo
2025-11-25,5.270893992988186,194.58984666666666,-0.17114501668686355,5.4420390096750495,0.02117770165205002,5.4632167113270995,0.04994598403573036,5.49198499371078,bajo
2025-11-26,5.518520291789687,249.26592333333338,0.24762629880150122,5.270893992988186,0.03629428148269653,5.3071882744708825,0.051600076258182526,5.3224940692463685,bajo
2025-11-27,5.421264187627112,226.16485666666665,-0.09725610416257524,5.518520291789687,-0.11103247106075287,5.407487820728934,-0.07803767919540405,5.440482612594283,bajo
2025-11-28,5.556312677946893,258.86654999999996,0.1350484903197815,5.421264187627112,-0.05566557124257088,5.365598616384541,-0.032849594950675964,5.388414592676436,bajo
2025-11-29,5.5103481996986305,247.2371999999999,-0.045964478248262886,5.556312677946893,-0.2058759331703186,5.350436744776575,-0.17635850608348846,5.379954171863405,bajo
2025-11-30,5.555749062801122,258.72069000000005,0.045400863102491584,5.5103481996986305,-0.19971035420894623,5.310637845489684,-0.16512946784496307,5.3452187318536675,bajo
2025-12-01,5.68030417032837,293.03855000000016,0.12455510752724752,5.555749062801122,-0.08932233601808548,5.466426726783037,-0.0804075226187706,5.4753415401823515,medio
2025-12-02,5.538401125544068,254.27112666666673,-0.1419030447843017,5.68030417032837,-0.11570315062999725,5.564601019698372,-0.07217336446046829,5.608130805867901,bajo
2025-12-03,5.440902363829518,230.65022,-0.09749876171454996,5.538401125544068,-0.055998530238866806,5.482402595305201,-0.032863304018974304,5.505537821525094,bajo
2025-12-04,5.451359560803536,233.07483000000002,0.010457196974018146,5.440902363829518,-0.1480979025363922,5.292804461293126,-0.14634796977043152,5.2945543940590865,bajo
2025-12-05,5.240365002318756,188.73898000000005,-0.21099455848478055,5.451359560803536,-0.14345884323120117,5.307900717572335,-0.162805438041687,5.288554122761849,bajo
2025-12-06,5.105159488327154,164.87036333333336,-0.1352055139916013,5.240365002318756,-0.049685150384902954,5.190679851933853,-0.049095019698143005,5.191269982620613,bajo
2025-12-07,5.102127011023459,164.37115499999996,-0.00303247730369538,5.105159488327154,-0.07650920003652573,5.0286502882906285,-0.12094786018133163,4.984211628145823,bajo
2025-12-08,4.917786744215591,136.69972666666666,-0.18434026680786797,5.102127011023459,0.04748598113656044,5.149612992160019,0.06455140560865402,5.166678416632113,bajo
2025-12-09,5.3933555699762,219.9401733333333,0.4755688257606092,4.917786744215591,-0.01476510800421238,4.9030216362113785,0.01320782583206892,4.93099457004766,bajo
2025-12-10,5.306479697240918,201.63914666666668,-0.0868758727352823,5.3933555699762,-0.03477415814995766,5.3585814118262425,-0.02470509335398674,5.368650476622213,bajo
2025-12-11,5.4609913340268035,235.33060000000012,0.15451163678588564,5.306479697240918,-0.016359131783246994,5.290120565457671,-0.0027485068421810865,5.303731190398737,bajo
2025-12-12,5.530877720275811,252.3653199999999,0.06988638624900734,5.4609913340268035,-0.04311690852046013,5.417874425506343,-0.021984517574310303,5.439006816452493,bajo
2025-12-13,5.507943379549909,246.64335333333347,-0.022934340725901947,5.530877720275811,-0.04308421164751053,5.4877935086283,-0.034663598984479904,5.496214121291331,bajo
2025-12-14,5.466379179180206,236.60194666666675,-0.04156420036970321,5.507943379549909,-0.06427335739135742,5.4436700221585514,-0.036447204649448395,5.4714961749004605,bajo
2025-12-15,5.684792025454085,294.3566200000001,0.21841284627387925,5.466379179180206,-0.027627358213067055,5.438751820967139,-0.01579902693629265,5.450580152243913,medio
2025-12-16,5.785160372617621,325.4342266666668,0.10036834716353571,5.684792025454085,0.03772477060556412,5.722516796059649,0.012865678407251835,5.697657703861337,medio
2025-12-17,5.848162563047622,346.59694499999983,0.06300219043000155,5.785160372617621,0.01591058075428009,5.801070953371901,-0.004300592001527548,5.780859780616093,medio
2025-12-18,5.938694917860183,379.4394066666666,0.09053235481256117,5.848162563047622,-0.02930234558880329,5.818860217458819,-0.05008843541145325,5.798074127636169,medio
2025-12-19,5.95366759925303,385.1633766666668,0.014972681392846354,5.938694917860183,-0.02544158510863781,5.9132533327515455,-0.040128499269485474,5.898566418590698,medio
2025-12-20,5.975417521204092,393.63241666666664,0.021749921951061957,5.95366759925303,-0.05060263350605965,5.90306496574697,-0.05826238915324211,5.895405210099788,medio
2025-12-21,5.996120391822675,401.86667999999986,0.020702870618583447,5.975417521204092,-0.003434685291722417,5.971982835912369,-0.01152106560766697,5.963896455596425,medio
2025-12-22,6.0829904011331735,438.3380433333332,0.08687000931049838,5.996120391822675,0.03279893100261688,6.028919322825292,0.060093000531196594,6.056213392353872,medio
2025-12-23,6.076984764260077,435.7134333333333,-0.00600563687309652,6.0829904011331735,0.0064653027802705765,6.089455703913444,0.013496030122041702,6.096486431255215,medio
2025-12-24,5.603823971449868,271.46248999999995,-0.4731607928102086,6.076984764260077,-0.00031139818020164967,6.076673366079875,-0.0009291114984080195,6.076055652761669,medio
2025-12-25,5.319746970253618,204.33217333333326,-0.2840770011962501,5.603823971449868,0.0672617256641388,5.671085697114007,0.09864620864391327,5.702470180093782,bajo
2025-12-26,5.52928266806246,251.96310499999993,0.20953569780884163,5.319746970253618,0.1250208020210266,5.444767772274645,0.1770612597465515,5.49680823000017,bajo
2025-12-27,5.567979163495573,261.9042983333333,0.03869649543311304,5.52928266806246,0.0321868471801281,5.561469515242588,0.023288363590836525,5.552571031653296,bajo
2025-12-28,5.665522773360843,288.7388866666666,0.09754360986527022,5.567979163495573,0.028448648750782013,5.596427812246355,0.0316079705953598,5.599587134090933,medio
2025-12-29,5.7737226306608,321.73320000000007,0.10819985729995718,5.665522773360843,0.12233849614858627,5.787861269509429,0.13752959668636322,5.803052370047206,medio
2025-12-30,5.70255297468634,299.63137666666677,-0.0711696559744599,5.7737226306608,0.03282158821821213,5.806544218879012,0.005066695157438517,5.778789325818239,medio
2025-12-31,5.613542758850677,274.1136383333334,-0.08901021583566315,5.70255297468634,-0.08668704330921173,5.615865931377129,-0.06399404257535934,5.638558932110981,medio
